{"routing/dynamic_trigger":1,"experiment/baseline_no_ocr/risk":1,"routing/first_pass/mean_entropy":0.4507532930275535,"_timestamp":1.7635483977078743e+09,"experiment/baseline_no_ocr/latency_vs_quality":{"sha256":"c8b21710867af5b8dd4bc7419a78e7c72d6064bf71e608d1902985c8f5fff365","path":"media/table/experiment/baseline_no_ocr/latency_vs_quality_302_c8b21710867af5b8dd4b.table.json","log_mode":"IMMUTABLE","artifact_path":"wandb-client-artifact://wesa0mwkz9iyfzqkpcvtfkvnoso3pucjerq8rerv9nimbfjxv6aj9ry8stx95bees7c5oco2vgl41cf3f1lyrfn5mbnakxn8e6gp9lri0w76p8a78g31emv02qzyn281/experiment/baseline_no_ocr/latency_vs_quality.table.json","ncols":4,"_latest_artifact_path":"wandb-client-artifact://is7t3rb5y7boifqlk416xnl8k4oirxahlshxob2vkywhd24gp9ldchf596ydy0x13u9nzspcyqoy0ngeqpn079gsmswdiblhtm3jhd8gfn7tifg0e536x0li1nl3gl2h:latest/experiment/baseline_no_ocr/latency_vs_quality.table.json","nrows":300,"size":14484,"_type":"table-file"},"routing/margin_threshold":1,"_runtime":938.614392953,"routing/final/mean_entropy":0.6019103345809071,"experiment/baseline_no_ocr/ocr_call_ratio":0,"_step":303,"routing/used_ocr":0,"routing/ocr_text_length":0,"routing/entropy_threshold":0.7,"routing/final/normalized_entropy":2.015885166678244,"experiment/baseline_no_ocr/entropy_not_triggered_hist":{"values":[26,61,66,47,32,24,11,7,10,1,4,3,3,1,1,1,0,0,0,0,0,0,0,0,0,0,0,0,0,0,0,0,0,0,0,0,0,0,0,0,0,0,0,0,0,0,0,0,0,0,0,1,0,0,0,0,0,0,0,0,0,0,0,1],"bins":[0.07449444871873583,0.1506949251407522,0.22689540156276855,0.30309587798478493,0.3792963544068013,0.4554968308288177,0.531697307250834,0.6078977836728504,0.6840982600948667,0.7602987365168831,0.8364992129388995,0.9126996893609158,0.9889001657829322,1.0651006422049487,1.141301118626965,1.2175015950489814,1.2937020714709977,1.369902547893014,1.4461030243150303,1.522303500737047,1.5985039771590632,1.6747044535810796,1.7509049300030959,1.8271054064251122,1.9033058828471285,1.979506359269145,2.0557068356911614,2.131907312113178,2.2081077885351945,2.2843082649572106,2.360508741379227,2.4367092178012433,2.51290969422326,2.5891101706452764,2.6653106470672925,2.741511123489309,2.817711599911325,2.8939120763333417,2.9701125527553582,3.0463130291773743,3.122513505599391,3.198713982021407,3.2749144584434235,3.35111493486544,3.427315411287456,3.5035158877094728,3.579716364131489,3.6559168405535054,3.7321173169755215,3.808317793397538,3.8845182698195546,3.9607187462415707,4.036919222663587,4.113119699085603,4.1893201755076195,4.265520651929636,4.341721128351653,4.417921604773668,4.494122081195685,4.570322557617701,4.646523034039718,4.722723510461734,4.79892398688375,4.875124463305767,4.951324939727783],"_type":"histogram"},"routing/triggered":0,"experiment/baseline_no_ocr/accuracy":0,"routing/total_latency_ms":3610,"routing/first_pass/token_count":52,"experiment/baseline_no_ocr/cer":0.4962510793962348,"experiment/baseline_no_ocr/avg_latency_s":2.9107966666666667,"experiment/baseline_no_ocr/wer":0.6271534156564003,"experiment/baseline_no_ocr/ece":0.9012794028758934,"routing/first_pass/min_margin":0.007991790771484375,"routing/first_pass/sequence_confidence":0.8558148120053559,"routing/first_pass/latency_ms":1695.8745800657198,"experiment/baseline_no_ocr/brier":0.8175934094174815,"experiment/baseline_no_ocr/coverage":0,"routing/legacy_trigger":1,"routing/first_pass/normalized_entropy":0,"routing/final/sequence_confidence":0.7989070673272712,"_wandb":{"runtime":938}}