{"routing/second_pass/min_margin":0.2425384521484375,"experiment/entropy_routing_default/latency_vs_quality":{"nrows":300,"_latest_artifact_path":"wandb-client-artifact://g2fhcnzmv59pcotqehivj1lgo22ajmrlj4ykhzudi3xvvtuj9r2xe9k2krpi6fru5jr0ws21mfiiljecmiuw27qoac195de8qwzk94evjzxgfq76q3eza1rc7cg1mm1t:latest/experiment/entropy_routing_default/latency_vs_quality.table.json","size":14567,"path":"media/table/experiment/entropy_routing_default/latency_vs_quality_606_3a5a99b8b39c0b401c07.table.json","ncols":4,"log_mode":"IMMUTABLE","_type":"table-file","sha256":"3a5a99b8b39c0b401c077a85ca1d801602cb188679110dfa86704df714546aa2","artifact_path":"wandb-client-artifact://2z86opdtf9fi4rdlhyx9z6sgpcz4s2tcsad9q8vbcas9qjtgl3bkrvg4vnaownjt9gt1rw8o4e2ciy5773q1hwbdxu7bwiibzmuh3g1nn1ep1nx6cs5rcs0naopyin2q/experiment/entropy_routing_default/latency_vs_quality.table.json"},"routing/entropy_threshold":0.7,"routing/final/sequence_confidence":0.8463465648009544,"routing/first_pass/min_margin":0.08814620971679688,"routing/first_pass/mean_entropy":0.6019103345809071,"experiment/entropy_routing_default/risk":1,"routing/dynamic_trigger":1,"experiment/baseline_no_ocr/brier":0.8175934094174815,"_step":606,"experiment/entropy_routing_default/wer":0.6186444169169011,"routing/total_latency_ms":8039,"experiment/baseline_no_ocr/cer":0.4962510793962348,"routing/second_pass/sequence_confidence":0.8463465648009544,"routing/first_pass/normalized_entropy":2.015885166678244,"experiment/baseline_no_ocr/entropy_not_triggered_hist":{"_type":"histogram","values":[26,61,66,47,32,24,11,7,10,1,4,3,3,1,1,1,0,0,0,0,0,0,0,0,0,0,0,0,0,0,0,0,0,0,0,0,0,0,0,0,0,0,0,0,0,0,0,0,0,0,0,1,0,0,0,0,0,0,0,0,0,0,0,1],"bins":[0.07449444871873583,0.1506949251407522,0.22689540156276855,0.30309587798478493,0.3792963544068013,0.4554968308288177,0.531697307250834,0.6078977836728504,0.6840982600948667,0.7602987365168831,0.8364992129388995,0.9126996893609158,0.9889001657829322,1.0651006422049487,1.141301118626965,1.2175015950489814,1.2937020714709977,1.369902547893014,1.4461030243150303,1.522303500737047,1.5985039771590632,1.6747044535810796,1.7509049300030959,1.8271054064251122,1.9033058828471285,1.979506359269145,2.0557068356911614,2.131907312113178,2.2081077885351945,2.2843082649572106,2.360508741379227,2.4367092178012433,2.51290969422326,2.5891101706452764,2.6653106470672925,2.741511123489309,2.817711599911325,2.8939120763333417,2.9701125527553582,3.0463130291773743,3.122513505599391,3.198713982021407,3.2749144584434235,3.35111493486544,3.427315411287456,3.5035158877094728,3.579716364131489,3.6559168405535054,3.7321173169755215,3.808317793397538,3.8845182698195546,3.9607187462415707,4.036919222663587,4.113119699085603,4.1893201755076195,4.265520651929636,4.341721128351653,4.417921604773668,4.494122081195685,4.570322557617701,4.646523034039718,4.722723510461734,4.79892398688375,4.875124463305767,4.951324939727783]},"_wandb":{"runtime":1965},"experiment/entropy_routing_default/coverage":0.21333333333333335,"experiment/baseline_no_ocr/ece":0.9012794028758934,"routing/second_pass/mean_entropy":0.5398165080027866,"_runtime":1965,"routing/used_ocr":1,"routing/first_pass/token_count":128,"routing/second_pass/latency_ms":3716.7194997891784,"experiment/baseline_no_ocr/wer":0.6271534156564003,"experiment/entropy_routing_default/entropy_not_triggered_hist":{"bins":[0.07449444871873583,0.08732982962716448,0.10016521053559316,0.11300059144402182,0.12583597235245048,0.13867135326087915,0.15150673416930782,0.16434211507773647,0.1771774959861651,0.19001287689459379,0.20284825780302246,0.21568363871145113,0.2285190196198798,0.24135440052830842,0.2541897814367371,0.26702516234516577,0.27986054325359444,0.2926959241620231,0.30553130507045173,0.3183666859788804,0.3312020668873091,0.34403744779573775,0.3568728287041664,0.3697082096125951,0.38254359052102377,0.3953789714294524,0.40821435233788106,0.42104973324630973,0.4338851141547384,0.4467204950631671,0.4595558759715957,0.47239125688002437,0.48522663778845304,0.4980620186968817,0.5108973996053103,0.523732780513739,0.5365681614221677,0.5494035423305963,0.562238923239025,0.5750743041474536,0.5879096850558823,0.600745065964311,0.6135804468727396,0.6264158277811682,0.639251208689597,0.6520865895980256,0.6649219705064543,0.6777573514148829,0.6905927323233116,0.7034281132317403,0.7162634941401689,0.7290988750485976,0.7419342559570262,0.754769636865455,0.7676050177738836,0.7804403986823122,0.7932757795907409,0.8061111604991695,0.8189465414075983,0.8317819223160269,0.8446173032244555,0.8574526841328842,0.8702880650413128,0.8831234459497416,0.8959588268581702],"_type":"histogram","values":[1,3,2,7,7,5,12,7,2,15,14,12,12,11,12,9,6,8,10,8,14,2,5,3,3,5,6,6,4,4,5,3,0,2,1,0,0,2,2,1,1,0,2,0,0,0,0,0,0,0,0,0,1,0,0,0,0,0,0,0,0,0,0,1]},"experiment/baseline_no_ocr/avg_latency_s":2.9167733333333334,"experiment/entropy_routing_default/ece":0.9158163166953999,"routing/triggered":1,"experiment/entropy_routing_default/entropy_triggered_hist":{"_type":"histogram","values":[1,4,3,8,4,11,8,2,8,1,4,2,3,2,0,1,0,0,0,0,0,0,0,0,0,0,0,0,0,0,0,0,0,0,0,0,0,0,0,0,0,0,0,0,0,0,0,0,0,0,0,1,0,0,0,0,0,0,0,0,0,0,0,1],"bins":[0.09969801920487953,0.1755046898380499,0.25131136047122027,0.32711803110439064,0.402924701737561,0.4787313723707314,0.5545380430039017,0.6303447136370721,0.7061513842702425,0.7819580549034129,0.8577647255365832,0.9335713961697536,1.009378066802924,1.0851847374360943,1.1609914080692647,1.236798078702435,1.3126047493356054,1.3884114199687758,1.4642180906019462,1.5400247612351166,1.615831431868287,1.6916381025014573,1.7674447731346277,1.843251443767798,1.9190581144009684,1.9948647850341388,2.070671455667309,2.1464781263004795,2.22228479693365,2.2980914675668203,2.3738981381999906,2.449704808833161,2.5255114794663314,2.6013181500995017,2.677124820732672,2.7529314913658425,2.828738161999013,2.904544832632183,2.9803515032653536,3.056158173898524,3.1319648445316943,3.2077715151648647,3.283578185798035,3.3593848564312054,3.435191527064376,3.510998197697546,3.5868048683307165,3.662611538963887,3.7384182095970573,3.8142248802302277,3.890031550863398,3.9658382214965684,4.041644892129739,4.117451562762909,4.1932582333960795,4.26906490402925,4.34487157466242,4.420678245295591,4.496484915928761,4.572291586561931,4.648098257195102,4.723904927828272,4.7997115984614425,4.875518269094613,4.951324939727783]},"_timestamp":1.7624115484845455e+09,"experiment/baseline_no_ocr/coverage":0,"experiment/baseline_no_ocr/accuracy":0,"experiment/entropy_routing_default/ocr_call_ratio":0.21333333333333335,"routing/final/mean_entropy":0.5398165080027866,"experiment/entropy_routing_default/cer":0.46566189033095395,"routing/final/normalized_entropy":1.567280367373741,"routing/second_pass/normalized_entropy":1.567280367373741,"routing/margin_threshold":-Infinity,"routing/second_pass/token_count":128,"experiment/baseline_no_ocr/latency_vs_quality":{"path":"media/table/experiment/baseline_no_ocr/latency_vs_quality_302_db820c57bd8f1d84c686.table.json","sha256":"db820c57bd8f1d84c686579db269819fd139bf29c6eec5e8fb15cc92bb06583b","size":14480,"log_mode":"IMMUTABLE","_latest_artifact_path":"wandb-client-artifact://u56bxz6bnsj17pklgwbm8bw8yxb3e3tfxqyijahjld6g3tpbioqwxk8abjqxmcm8so9xv3cuzysso1t3hhl87qd2gfspvbgf5j53wrktwkn92iogv93berkhz8xrvvbc:latest/experiment/baseline_no_ocr/latency_vs_quality.table.json","artifact_path":"wandb-client-artifact://7q5uqiby8i3x0ns6irysdclwwg17t8zfty8dakuu8bfs2q6rm42la3acdcc3xslpvhoj8u2gqluf6yi7l0hg07xf964905yhpo7hc72xtgit8sl4737lxqbeznpipp1a/experiment/baseline_no_ocr/latency_vs_quality.table.json","nrows":300,"ncols":4,"_type":"table-file"},"experiment/entropy_routing_default/avg_latency_s":3.598956666666666,"routing/legacy_trigger":1,"experiment/baseline_no_ocr/risk":1,"routing/first_pass/latency_ms":3616.7906313203275,"routing/first_pass/sequence_confidence":0.7989070673272712,"experiment/baseline_no_ocr/ocr_call_ratio":0,"experiment/entropy_routing_default/accuracy":0,