{"experiment/baseline_no_ocr/cer":0.7211704796176867,"experiment/always_ocr/risk":0.9149090909090909,"experiment/always_ocr/accuracy":0.08509090909090909,"_timestamp":1.7633661986190345e+09,"routing/entropy_threshold":0.7,"experiment/entropy_routing_default/cer":0.784786385214324,"experiment/baseline_no_ocr/accuracy":0.084,"experiment/always_ocr/coverage":1,"experiment/always_ocr/entropy_triggered_hist":{"_type":"histogram","values":[128,416,441,353,268,210,166,126,96,89,74,58,40,30,25,31,29,19,25,18,9,12,6,11,7,6,5,5,4,3,1,7,2,2,1,2,1,1,3,2,2,0,1,0,0,1,1,2,1,1,0,1,0,0,0,1,0,0,1,2,1,2,0,1],"bins":[0.03658889541735074,0.1622614855896245,0.2879340757618982,0.413606665934172,0.5392792561064458,0.6649518462787195,0.7906244364509933,0.9162970266232671,1.0419696167955408,1.1676422069678145,1.2933147971400882,1.418987387312362,1.544659977484636,1.6703325676569096,1.7960051578291834,1.921677748001457,2.0473503381737306,2.1730229283460045,2.298695518518278,2.424368108690552,2.5500406988628255,2.6757132890350994,2.801385879207373,2.927058469379647,3.052731059551921,3.1784036497241943,3.3040762398964683,3.4297488300687418,3.5554214202410157,3.681094010413289,3.806766600585563,3.9324391907578367,4.058111780930111,4.1837843711023845,4.309456961274659,4.435129551446932,4.560802141619206,4.686474731791479,4.812147321963754,4.937819912136027,5.063492502308301,5.189165092480575,5.314837682652849,5.440510272825122,5.566182862997396,5.69185545316967,5.817528043341944,5.943200633514217,6.0688732236864915,6.194545813858765,6.3202184040310385,6.445890994203312,6.571563584375586,6.69723617454786,6.822908764720133,6.948581354892407,7.074253945064681,7.199926535236955,7.325599125409228,7.451271715581503,7.576944305753776,7.70261689592605,7.828289486098323,7.953962076270598,8.079634666442871]},"experiment/baseline_no_ocr/risk":0.916,"routing/triggered":0,"routing/final/normalized_entropy":0.20324278229553291,"experiment/baseline_no_ocr/coverage":0,"routing/margin_threshold":-Infinity,"routing/legacy_trigger":0,"experiment/always_ocr/cer":0.7465125343708916,"routing/final/sequence_confidence":0.7219725911594769,"routing/first_pass/mean_entropy":1.0256853920407594,"routing/first_pass/token_count":21,"experiment/entropy_routing_default/entropy_not_triggered_hist":{"_type":"histogram","values":[24,63,114,187,180,179,183,157,115,102,94,80,77,58,49,58,46,40,29,23,26,27,21,23,15,23,8,8,8,11,8,4,3,4,3,3,3,3,1,7,2,5,3,2,5,4,1,3,1,2,0,1,2,0,0,1,1,1,0,1,0,0,0,1],"bins":[0.03658889541735074,0.08915025228816376,0.14171160915897676,0.1942729660297898,0.2468343229006028,0.2993956797714158,0.3519570366422288,0.4045183935130418,0.45707975038385484,0.5096411072546679,0.5622024641254809,0.6147638209962939,0.667325177867107,0.71988653473792,0.772447891608733,0.825009248479546,0.877570605350359,0.930131962221172,0.9826933190919851,1.035254675962798,1.087816032833611,1.140377389704424,1.192938746575237,1.2455001034460502,1.2980614603168632,1.3506228171876762,1.4031841740584892,1.4557455309293021,1.5083068878001151,1.5608682446709283,1.6134296015417413,1.6659909584125543,1.7185523152833673,1.7711136721541803,1.8236750290249932,1.8762363858958062,1.9287977427666194,1.9813590996374324,2.033920456508245,2.0864818133790584,2.139043170249871,2.1916045271206843,2.244165883991497,2.2967272408623103,2.349288597733123,2.4018499546039362,2.4544113114747494,2.506972668345562,2.5595340252163754,2.612095382087188,2.6646567389580014,2.717218095828814,2.7697794526996273,2.8223408095704405,2.8749021664412533,2.9274635233120665,2.9800248801828793,3.0325862370536925,3.0851475939245057,3.1377089507953184,3.1902703076661316,3.2428316645369444,3.2953930214077576,3.3479543782785703,3.4005157351493835]},"routing/first_pass/sequence_confidence":0.7219725911594769,"experiment/baseline_no_ocr/entropy_not_triggered_hist":{"values":[128,416,441,353,268,210,166,126,96,89,74,58,40,30,25,31,29,19,25,18,9,12,6,11,7,6,5,5,4,3,1,7,2,2,1,2,1,1,3,2,2,0,1,0,0,1,1,2,1,1,0,1,0,0,0,1,0,0,1,2,1,2,0,1],"bins":[0.03658889541735074,0.1622614855896245,0.2879340757618982,0.413606665934172,0.5392792561064458,0.6649518462787195,0.7906244364509933,0.9162970266232671,1.0419696167955408,1.1676422069678145,1.2933147971400882,1.418987387312362,1.544659977484636,1.6703325676569096,1.7960051578291834,1.921677748001457,2.0473503381737306,2.1730229283460045,2.298695518518278,2.424368108690552,2.5500406988628255,2.6757132890350994,2.801385879207373,2.927058469379647,3.052731059551921,3.1784036497241943,3.3040762398964683,3.4297488300687418,3.5554214202410157,3.681094010413289,3.806766600585563,3.9324391907578367,4.058111780930111,4.1837843711023845,4.309456961274659,4.435129551446932,4.560802141619206,4.686474731791479,4.812147321963754,4.937819912136027,5.063492502308301,5.189165092480575,5.314837682652849,5.440510272825122,5.566182862997396,5.69185545316967,5.817528043341944,5.943200633514217,6.0688732236864915,6.194545813858765,6.3202184040310385,6.445890994203312,6.571563584375586,6.69723617454786,6.822908764720133,6.948581354892407,7.074253945064681,7.199926535236955,7.325599125409228,7.451271715581503,7.576944305753776,7.70261689592605,7.828289486098323,7.953962076270598,8.079634666442871],"_type":"histogram"},"experiment/entropy_routing_default/wer":0.9259119235514155,"experiment/always_ocr/brier":0.6412231513155678,"experiment/always_ocr/ocr_call_ratio":1,"experiment/entropy_routing_default/accuracy":0.08218181818181818,"experiment/entropy_routing_default/latency_vs_quality":{"_type":"table-file","ncols":4,"nrows":512,"size":24019,"_latest_artifact_path":"wandb-client-artifact://qyy3ixqncf3065mo4tpiyo9cbccy7wi8ho9k8vh1q8iqxhswb89wqzqgxiqs6lhzq7j6sg5nz2h76nje33p99i6a1x273xg4iwnb4n5m9l428r7lforx30bwacc0sbxo:latest/experiment/entropy_routing_default/latency_vs_quality.table.json","artifact_path":"wandb-client-artifact://q0c4nyxw26rdlsjctxaccjwozmh0d8sj5iodzyl427nmtzofqbida7w6ki4ifoxzqlc9dzawzuoubsob3ve696cmr7e0hf7io0i1b8xwsine92wofm1duabidq1ht083/experiment/entropy_routing_default/latency_vs_quality.table.json","path":"media/table/experiment/entropy_routing_default/latency_vs_quality_8259_5626d26cbbc9b3dc416d.table.json","log_mode":"IMMUTABLE","sha256":"5626d26cbbc9b3dc416d4b92407d7a7689aad4a5ab654afcc0130199a891491c"},"experiment/always_ocr/wer":0.904970811125526,"routing/dynamic_trigger":0,"experiment/always_ocr/avg_latency_s":2.3627669090909094,"experiment/baseline_no_ocr/wer":0.8386949283122087,"experiment/baseline_no_ocr/ocr_call_ratio":0,"experiment/entropy_routing_default/avg_latency_s":1.5022254545454545,"routing/first_pass/latency_ms":1108.8996299658902,"routing/second_pass/normalized_entropy":0.7696864200633562,"experiment/baseline_no_ocr/brier":0.6153859511819219,"experiment/baseline_no_ocr/avg_latency_s":1.1011963636363635,"experiment/baseline_no_ocr/ece":0.7261394211933603,"experiment/entropy_routing_default/coverage":0.23527272727272727,"routing/ocr_text_length":0,"experiment/always_ocr/latency_vs_quality":{"size":24194,"path":"media/table/experiment/always_ocr/latency_vs_quality_5505_da2d5a0b1c09c4408705.table.json","artifact_path":"wandb-client-artifact://ybxqv5ezu7bqj9zc0glswlord1ljgyth5vh8uj9ndkbk33a2hoa1g6v1fanssat33k461fs8er8cg65y1na7u80ur2wmk51tuutyyvb6u6rd362dzfjgim7wejsioueh/experiment/always_ocr/latency_vs_quality.table.json","_type":"table-file","ncols":4,"log_mode":"IMMUTABLE","nrows":512,"sha256":"da2d5a0b1c09c4408705692e1862472fc699eefc96006ed0c63be6bf5ccdf34a","_latest_artifact_path":"wandb-client-artifact://2g7m3duhhk5pkr9kidwcwa6sl0of2jd83dltg9hkl6piy4jrf0uag1meubgluouv449p0xtq955hdc36hxb7vkv6g6buk64f8gnzeqrodhas65h61uae3pdl0ifhiegc:latest/experiment/always_ocr/latency_vs_quality.table.json"},"experiment/always_ocr/ece":0.7439672298678566,"routing/second_pass/min_margin":0.13158226013183594,"experiment/entropy_routing_default/brier":0.6380777472982241,"experiment/entropy_routing_default/risk":0.9178181818181819,"routing/second_pass/token_count":21,"routing/final/mean_entropy":1.0256853920407594,