{"experiment/entropy_routing_default/entropy_not_triggered_hist":{"values":[1,3,1,1,2,5,7,4,6,10,4,2,6,11,12,6,15,3,10,8,7,8,3,7,8,6,5,10,7,3,1,5,3,4,2,4,4,3,4,3,4,3,5,3,3,1,4,1,0,0,0,3,1,2,2,0,1,2,2,0,0,0,0,1],"bins":[0.07449444871873583,0.08387923101676895,0.09326401331480205,0.10264879561283517,0.11203357791086829,0.12141836020890141,0.13080314250693453,0.14018792480496764,0.14957270710300075,0.15895748940103388,0.16834227169906701,0.1777270539971001,0.18711183629513323,0.19649661859316636,0.20588140089119944,0.21526618318923257,0.2246509654872657,0.2340357477852988,0.24342053008333192,0.25280531238136505,0.2621900946793982,0.27157487697743127,0.2809596592754644,0.29034444157349754,0.2997292238715306,0.30911400616956375,0.3184987884675969,0.32788357076563,0.3372683530636631,0.34665313536169623,0.35603791765972936,0.36542269995776244,0.3748074822557956,0.3841922645538287,0.3935770468518618,0.4029618291498949,0.41234661144792806,0.42173139374596114,0.43111617604399427,0.4405009583420274,0.44988574064006054,0.4592705229380936,0.46865530523612675,0.4780400875341599,0.48742486983219296,0.4968096521302261,0.5061944344282592,0.5155792167262923,0.5249639990243254,0.5343487813223585,0.5437335636203916,0.5531183459184248,0.5625031282164579,0.571887910514491,0.5812726928125241,0.5906574751105572,0.6000422574085903,0.6094270397066235,0.6188118220046566,0.6281966043026896,0.6375813866007228,0.6469661688987559,0.656350951196789,0.6657357334948222,0.6751205157928553],"_type":"histogram"},"experiment/always_ocr/risk":0.9966666666666667,"routing/total_latency_ms":8031,"experiment/always_ocr/ocr_call_ratio":1,"experiment/entropy_routing_default/ocr_call_ratio":0.16,"_timestamp":1.7621813186695194e+09,"experiment/always_ocr/entropy_triggered_hist":{"_type":"histogram","values":[26,61,66,47,32,24,11,7,10,1,4,3,3,1,1,1,0,0,0,0,0,0,0,0,0,0,0,0,0,0,0,0,0,0,0,0,0,0,0,0,0,0,0,0,0,0,0,0,0,0,0,1,0,0,0,0,0,0,0,0,0,0,0,1],"bins":[0.07449444871873583,0.1506949251407522,0.22689540156276855,0.30309587798478493,0.3792963544068013,0.4554968308288177,0.531697307250834,0.6078977836728504,0.6840982600948667,0.7602987365168831,0.8364992129388995,0.9126996893609158,0.9889001657829322,1.0651006422049487,1.141301118626965,1.2175015950489814,1.2937020714709977,1.369902547893014,1.4461030243150303,1.522303500737047,1.5985039771590632,1.6747044535810796,1.7509049300030959,1.8271054064251122,1.9033058828471285,1.979506359269145,2.0557068356911614,2.131907312113178,2.2081077885351945,2.2843082649572106,2.360508741379227,2.4367092178012433,2.51290969422326,2.5891101706452764,2.6653106470672925,2.741511123489309,2.817711599911325,2.8939120763333417,2.9701125527553582,3.0463130291773743,3.122513505599391,3.198713982021407,3.2749144584434235,3.35111493486544,3.427315411287456,3.5035158877094728,3.579716364131489,3.6559168405535054,3.7321173169755215,3.808317793397538,3.8845182698195546,3.9607187462415707,4.036919222663587,4.113119699085603,4.1893201755076195,4.265520651929636,4.341721128351653,4.417921604773668,4.494122081195685,4.570322557617701,4.646523034039718,4.722723510461734,4.79892398688375,4.875124463305767,4.951324939727783]},"routing/second_pass/token_count":128,"routing/first_pass/token_count":128,"experiment/entropy_routing_default/brier":0.8364997358528125,"routing/second_pass/mean_entropy":0.5398165080027866,"routing/final/mean_entropy":0.5398165080027866,"experiment/entropy_routing_default/cer":0.4695966305692434,"experiment/baseline_no_ocr/cer":0.4962510793962348,"routing/entropy_threshold":0.7,"_step":909,"routing/margin_threshold":-Infinity,"experiment/baseline_no_ocr/risk":1,"experiment/baseline_no_ocr/avg_latency_s":2.91207,"experiment/always_ocr/ece":0.9226504097909078,"routing/second_pass/min_margin":0.2425384521484375,"experiment/always_ocr/latency_vs_quality":{"path":"media/table/experiment/always_ocr/latency_vs_quality_605_ff291d70bcd83edc893e.table.json","size":14700,"artifact_path":"wandb-client-artifact://677o29fwmuwxmj4hi45w7gsunfg6a2448l1vqjuzfueu92v5veab1nd4tnb4swan6ulbigp8ecndxcg2l7tzt6z69rzer4l3tpkadnvhgsqtqiv12kzkmtxhtvy4ihyc/experiment/always_ocr/latency_vs_quality.table.json","ncols":4,"_type":"table-file","sha256":"ff291d70bcd83edc893e1b33a7ff7571da2c07ef4a0443ff1fed830534896d38","nrows":300,"log_mode":"IMMUTABLE","_latest_artifact_path":"wandb-client-artifact://o5rpdm6ekbip3jc55tz4dub3js3ieiomrqaguc8xgc6lphijshorr5zfex5p1eez6jnafjdt632332ox9rxt109qmlapy5c4mtzwbrqybywry6bn2si3dcv06s05f3ip:latest/experiment/always_ocr/latency_vs_quality.table.json"},"routing/ocr_text_length":235,"experiment/always_ocr/coverage":1,"experiment/entropy_routing_default/risk":1,"experiment/entropy_routing_default/entropy_triggered_hist":{"values":[1,4,2,6,3,2,4,1,9,1,5,2,3,2,0,1,0,0,0,0,0,0,0,0,0,0,0,0,0,0,0,0,0,0,0,0,0,0,0,0,0,0,0,0,0,0,0,0,0,0,0,1,0,0,0,0,0,0,0,0,0,0,0,1],"bins":[0.09969801920487953,0.1755046898380499,0.25131136047122027,0.32711803110439064,0.402924701737561,0.4787313723707314,0.5545380430039017,0.6303447136370721,0.7061513842702425,0.7819580549034129,0.8577647255365832,0.9335713961697536,1.009378066802924,1.0851847374360943,1.1609914080692647,1.236798078702435,1.3126047493356054,1.3884114199687758,1.4642180906019462,1.5400247612351166,1.615831431868287,1.6916381025014573,1.7674447731346277,1.843251443767798,1.9190581144009684,1.9948647850341388,2.070671455667309,2.1464781263004795,2.22228479693365,2.2980914675668203,2.3738981381999906,2.449704808833161,2.5255114794663314,2.6013181500995017,2.677124820732672,2.7529314913658425,2.828738161999013,2.904544832632183,2.9803515032653536,3.056158173898524,3.1319648445316943,3.2077715151648647,3.283578185798035,3.3593848564312054,3.435191527064376,3.510998197697546,3.5868048683307165,3.662611538963887,3.7384182095970573,3.8142248802302277,3.890031550863398,3.9658382214965684,4.041644892129739,4.117451562762909,4.1932582333960795,4.26906490402925,4.34487157466242,4.420678245295591,4.496484915928761,4.572291586561931,4.648098257195102,4.723904927828272,4.7997115984614425,4.875518269094613,4.951324939727783],"_type":"histogram"},"experiment/baseline_no_ocr/entropy_not_triggered_hist":{"_type":"histogram","values":[26,61,66,47,32,24,11,7,10,1,4,3,3,1,1,1,0,0,0,0,0,0,0,0,0,0,0,0,0,0,0,0,0,0,0,0,0,0,0,0,0,0,0,0,0,0,0,0,0,0,0,1,0,0,0,0,0,0,0,0,0,0,0,1],"bins":[0.07449444871873583,0.1506949251407522,0.22689540156276855,0.30309587798478493,0.3792963544068013,0.4554968308288177,0.531697307250834,0.6078977836728504,0.6840982600948667,0.7602987365168831,0.8364992129388995,0.9126996893609158,0.9889001657829322,1.0651006422049487,1.141301118626965,1.2175015950489814,1.2937020714709977,1.369902547893014,1.4461030243150303,1.522303500737047,1.5985039771590632,1.6747044535810796,1.7509049300030959,1.8271054064251122,1.9033058828471285,1.979506359269145,2.0557068356911614,2.131907312113178,2.2081077885351945,2.2843082649572106,2.360508741379227,2.4367092178012433,2.51290969422326,2.5891101706452764,2.6653106470672925,2.741511123489309,2.817711599911325,2.8939120763333417,2.9701125527553582,3.0463130291773743,3.122513505599391,3.198713982021407,3.2749144584434235,3.35111493486544,3.427315411287456,3.5035158877094728,3.579716364131489,3.6559168405535054,3.7321173169755215,3.808317793397538,3.8845182698195546,3.9607187462415707,4.036919222663587,4.113119699085603,4.1893201755076195,4.265520651929636,4.341721128351653,4.417921604773668,4.494122081195685,4.570322557617701,4.646523034039718,4.722723510461734,4.79892398688375,4.875124463305767,4.951324939727783]},"experiment/always_ocr/wer":0.6231982241978972,"experiment/always_ocr/brier":0.8612762109499822,"experiment/entropy_routing_default/ece":0.9122447136478555,"experiment/baseline_no_ocr/accuracy":0,"routing/first_pass/min_margin":0.08814620971679688,"routing/used_ocr":1,"routing/legacy_trigger":0,"_wandb":{"runtime":3799},"experiment/baseline_no_ocr/coverage":0,"routing/final/sequence_confidence":0.8463465648009544,"experiment/entropy_routing_default/wer":0.6160812818087028,