{"experiment/entropy_routing_default/entropy_not_triggered_hist":{"bins":[0.07449444871873583,0.08387923101676895,0.09326401331480205,0.10264879561283517,0.11203357791086829,0.12141836020890141,0.13080314250693453,0.14018792480496764,0.14957270710300075,0.15895748940103388,0.16834227169906701,0.1777270539971001,0.18711183629513323,0.19649661859316636,0.20588140089119944,0.21526618318923257,0.2246509654872657,0.2340357477852988,0.24342053008333192,0.25280531238136505,0.2621900946793982,0.27157487697743127,0.2809596592754644,0.29034444157349754,0.2997292238715306,0.30911400616956375,0.3184987884675969,0.32788357076563,0.3372683530636631,0.34665313536169623,0.35603791765972936,0.36542269995776244,0.3748074822557956,0.3841922645538287,0.3935770468518618,0.4029618291498949,0.41234661144792806,0.42173139374596114,0.43111617604399427,0.4405009583420274,0.44988574064006054,0.4592705229380936,0.46865530523612675,0.4780400875341599,0.48742486983219296,0.4968096521302261,0.5061944344282592,0.5155792167262923,0.5249639990243254,0.5343487813223585,0.5437335636203916,0.5531183459184248,0.5625031282164579,0.571887910514491,0.5812726928125241,0.5906574751105572,0.6000422574085903,0.6094270397066235,0.6188118220046566,0.6281966043026896,0.6375813866007228,0.6469661688987559,0.656350951196789,0.6657357334948222,0.6751205157928553],"_type":"histogram","values":[1,3,1,1,2,5,7,4,6,10,4,2,6,11,12,6,15,3,10,8,7,8,3,7,8,6,5,10,7,3,1,5,3,4,2,4,4,3,4,3,4,3,5,3,3,1,4,1,0,0,0,3,1,2,2,0,1,2,2,0,0,0,0,1]},"experiment/entropy_e0.7_h4/cer":0.4695966305692434,"routing/total_latency_ms":7992,"experiment/entropy_e0.7_h4/ocr_call_ratio":0.16,"routing/first_pass/min_margin":0.08814620971679688,"experiment/entropy_routing_default/ece":0.9122447136478555,"routing/dynamic_trigger":1,"_timestamp":1.762161448157043e+09,"experiment/entropy_e0.7_h4/accuracy":0,"experiment/entropy_routing_default/wer":0.6160812818087028,"experiment/entropy_routing_default/cer":0.4695966305692434,"routing/second_pass/sequence_confidence":0.8463465648009544,"experiment/entropy_e0.7_h4/avg_latency_s":3.4035333333333333,"routing/final/mean_entropy":0.5398165080027866,"routing/second_pass/token_count":128,"experiment/entropy_routing_default/entropy_triggered_hist":{"values":[1,4,2,6,3,2,4,1,9,1,5,2,3,2,0,1,0,0,0,0,0,0,0,0,0,0,0,0,0,0,0,0,0,0,0,0,0,0,0,0,0,0,0,0,0,0,0,0,0,0,0,1,0,0,0,0,0,0,0,0,0,0,0,1],"bins":[0.09969801920487953,0.1755046898380499,0.25131136047122027,0.32711803110439064,0.402924701737561,0.4787313723707314,0.5545380430039017,0.6303447136370721,0.7061513842702425,0.7819580549034129,0.8577647255365832,0.9335713961697536,1.009378066802924,1.0851847374360943,1.1609914080692647,1.236798078702435,1.3126047493356054,1.3884114199687758,1.4642180906019462,1.5400247612351166,1.615831431868287,1.6916381025014573,1.7674447731346277,1.843251443767798,1.9190581144009684,1.9948647850341388,2.070671455667309,2.1464781263004795,2.22228479693365,2.2980914675668203,2.3738981381999906,2.449704808833161,2.5255114794663314,2.6013181500995017,2.677124820732672,2.7529314913658425,2.828738161999013,2.904544832632183,2.9803515032653536,3.056158173898524,3.1319648445316943,3.2077715151648647,3.283578185798035,3.3593848564312054,3.435191527064376,3.510998197697546,3.5868048683307165,3.662611538963887,3.7384182095970573,3.8142248802302277,3.890031550863398,3.9658382214965684,4.041644892129739,4.117451562762909,4.1932582333960795,4.26906490402925,4.34487157466242,4.420678245295591,4.496484915928761,4.572291586561931,4.648098257195102,4.723904927828272,4.7997115984614425,4.875518269094613,4.951324939727783],"_type":"histogram"},"routing/first_pass/token_count":128,"experiment/entropy_e0.7_h4/latency_vs_quality":{"size":14517,"artifact_path":"wandb-client-artifact://hmaa13dqxshffeyr3cg78y73uxxcnhboiivebpvbgtglfn2kqylniixhyjckn7xrsn744cojcio7n9d8ejb1hptvh0gx4hcshq21dq7z2x1qhak3qs0vip5mglkbivh0/experiment/entropy_e0.7_h4/latency_vs_quality.table.json","nrows":300,"_type":"table-file","ncols":4,"sha256":"c3d07b390fddda269e3fb491cb119111e63bc95564b6f8eb13b0afae2e478800","_latest_artifact_path":"wandb-client-artifact://zfe5w62ayv9csydncdkmmjbu1vxtc1zy9wzerat1b30zkgdptsbvrypna8xiswcdpw0vfew4saqugb3tgpntkwz0ev8qz0ys9zd38o1wxgq95zdhobf7budlth63iqtf:latest/experiment/entropy_e0.7_h4/latency_vs_quality.table.json","path":"media/table/experiment/entropy_e0.7_h4/latency_vs_quality_607_c3d07b390fddda269e3f.table.json","log_mode":"IMMUTABLE"},"experiment/entropy_routing_default/avg_latency_s":3.4184,"experiment/entropy_routing_default/brier":0.8364997358528125,"_runtime":2065,"routing/final/sequence_confidence":0.8463465648009544,"routing/first_pass/sequence_confidence":0.7989070673272712,"_step":607,"experiment/entropy_e0.7_h4/wer":0.6160812818087028,"routing/legacy_trigger":0,"experiment/entropy_routing_default/accuracy":0,"routing/second_pass/min_margin":0.2425384521484375,"experiment/entropy_routing_default/coverage":0.16,"experiment/entropy_e0.7_h4/coverage":0.16,"routing/ocr_text_length":235,"experiment/entropy_routing_default/latency_vs_quality":{"ncols":4,"sha256":"5373d8b61e86554ebc7d18837deae4c6a9272429fdad98b28354706e308e0e3e","nrows":300,"path":"media/table/experiment/entropy_routing_default/latency_vs_quality_303_5373d8b61e86554ebc7d.table.json","size":14522,"_latest_artifact_path":"wandb-client-artifact://uiuwpjczzhlns8k6uv9f9slbnd4zujwbols6e3xp9069pmkzjky5g90z8dqzw4nyid0oy5nufue0cy78fstltfrcgjvleh9zo2dv1tbf1wpnz667roekmltukg6tg4nx:latest/experiment/entropy_routing_default/latency_vs_quality.table.json","artifact_path":"wandb-client-artifact://a97bquobnp3tu4fg2z3qc51s3umw2dgpv47yjekwqun61rr5rdbmqf4mzmuq9qwsrqza53mvky9tpmpyg4d9xxnhdarej07j6t3dzm4alrpcau2momnfzbi9owphm17u/experiment/entropy_routing_default/latency_vs_quality.table.json","_type":"table-file","log_mode":"IMMUTABLE"},"routing/triggered":1,"experiment/entropy_routing_default/risk":1,"experiment/entropy_routing_default/ocr_call_ratio":0.16,"experiment/entropy_e0.7_h4/ece":0.9122447136478555,"routing/first_pass/mean_entropy":0.6019103345809071,"routing/second_pass/latency_ms":3713.650455698371,"routing/entropy_threshold":0.7,"routing/second_pass/mean_entropy":0.5398165080027866,"experiment/entropy_e0.7_h4/brier":0.8364997358528125,"_wandb":{"runtime":2065},"routing/used_ocr":1,"routing/margin_threshold":-Infinity,"experiment/entropy_e0.7_h4/entropy_triggered_hist":{"values":[1,4,2,6,3,2,4,1,9,1,5,2,3,2,0,1,0,0,0,0,0,0,0,0,0,0,0,0,0,0,0,0,0,0,0,0,0,0,0,0,0,0,0,0,0,0,0,0,0,0,0,1,0,0,0,0,0,0,0,0,0,0,0,1],"bins":[0.09969801920487953,0.1755046898380499,0.25131136047122027,0.32711803110439064,0.402924701737561,0.4787313723707314,0.5545380430039017,0.6303447136370721,0.7061513842702425,0.7819580549034129,0.8577647255365832,0.9335713961697536,1.009378066802924,1.0851847374360943,1.1609914080692647,1.236798078702435,1.3126047493356054,1.3884114199687758,1.4642180906019462,1.5400247612351166,1.615831431868287,1.6916381025014573,1.7674447731346277,1.843251443767798,1.9190581144009684,1.9948647850341388,2.070671455667309,2.1464781263004795,2.22228479693365,2.2980914675668203,2.3738981381999906,2.449704808833161,2.5255114794663314,2.6013181500995017,2.677124820732672,2.7529314913658425,2.828738161999013,2.904544832632183,2.9803515032653536,3.056158173898524,3.1319648445316943,3.2077715151648647,3.283578185798035,3.3593848564312054,3.435191527064376,3.510998197697546,3.5868048683307165,3.662611538963887,3.7384182095970573,3.8142248802302277,3.890031550863398,3.9658382214965684,4.041644892129739,4.117451562762909,4.1932582333960795,4.26906490402925,4.34487157466242,4.420678245295591,4.496484915928761,4.572291586561931,4.648098257195102,4.723904927828272,4.7997115984614425,4.875518269094613,4.951324939727783],"_type":"histogram"},"experiment/entropy_e0.7_h4/risk":1,