{"experiment/baseline_no_ocr/ocr_call_ratio":0,"routing/first_pass/latency_ms":957.6232358813286,"routing/first_pass/sequence_confidence":0.7219725911594769,"routing/first_pass/normalized_entropy":0.20324278229553291,"experiment/entropy_routing_default/entropy_not_triggered_hist":{"_type":"histogram","values":[24,63,114,187,180,179,183,157,115,102,94,80,77,58,49,58,46,40,29,23,26,27,21,23,15,23,8,8,8,11,8,4,3,4,3,3,3,3,1,7,2,5,3,2,5,4,1,3,1,2,0,1,2,0,0,1,1,1,0,1,0,0,0,1],"bins":[0.03658889541735074,0.08915025228816376,0.14171160915897676,0.1942729660297898,0.2468343229006028,0.2993956797714158,0.3519570366422288,0.4045183935130418,0.45707975038385484,0.5096411072546679,0.5622024641254809,0.6147638209962939,0.667325177867107,0.71988653473792,0.772447891608733,0.825009248479546,0.877570605350359,0.930131962221172,0.9826933190919851,1.035254675962798,1.087816032833611,1.140377389704424,1.192938746575237,1.2455001034460502,1.2980614603168632,1.3506228171876762,1.4031841740584892,1.4557455309293021,1.5083068878001151,1.5608682446709283,1.6134296015417413,1.6659909584125543,1.7185523152833673,1.7711136721541803,1.8236750290249932,1.8762363858958062,1.9287977427666194,1.9813590996374324,2.033920456508245,2.0864818133790584,2.139043170249871,2.1916045271206843,2.244165883991497,2.2967272408623103,2.349288597733123,2.4018499546039362,2.4544113114747494,2.506972668345562,2.5595340252163754,2.612095382087188,2.6646567389580014,2.717218095828814,2.7697794526996273,2.8223408095704405,2.8749021664412533,2.9274635233120665,2.9800248801828793,3.0325862370536925,3.0851475939245057,3.1377089507953184,3.1902703076661316,3.2428316645369444,3.2953930214077576,3.3479543782785703,3.4005157351493835]},"_timestamp":1.762504179349862e+09,"routing/dynamic_trigger":0,"routing/margin_threshold":-Infinity,"experiment/baseline_no_ocr/accuracy":0.084,"routing/legacy_trigger":0,"routing/second_pass/mean_entropy":1.3342901618685574,"routing/second_pass/sequence_confidence":0.6703954097140628,"_wandb":{"runtime":6835},"experiment/entropy_routing_default/latency_vs_quality":{"nrows":512,"_latest_artifact_path":"wandb-client-artifact://s267t2qqe7ha2vhp4oa64i26a3iul0p7b3l5scuu44ktbtrosrl18uv7hny1n2xmk89t30lvxy84yrx8sd4v5k22oxt8j8z4o4c92nwze4u4aewtwox3k5t6vm6wh6le:latest/experiment/entropy_routing_default/latency_vs_quality.table.json","log_mode":"IMMUTABLE","ncols":4,"path":"media/table/experiment/entropy_routing_default/latency_vs_quality_5506_6b48effa4e4252951b59.table.json","sha256":"6b48effa4e4252951b59289f4dfc0a4bf1f8d64eb290dc3c483a65a2b462d863","_type":"table-file","artifact_path":"wandb-client-artifact://zlc7qg7o5yzl0lpn3v84to2atv6vk5r5v5gxjz0hzp6gwaq5ysey1pvn8eehmijvunt0pd5aaqp0zdde7agyxxpwgr5ngqdozoxkdrejqshpssj11olgdk2bf8d3i8kb/experiment/entropy_routing_default/latency_vs_quality.table.json","size":24038},"routing/second_pass/min_margin":0.13158226013183594,"experiment/entropy_routing_default/risk":0.9178181818181819,"experiment/entropy_routing_default/wer":0.9259119235514155,"routing/total_latency_ms":958,"experiment/baseline_no_ocr/wer":0.8386949283122087,"experiment/entropy_routing_default/avg_latency_s":1.3737116363636364,"experiment/entropy_routing_default/accuracy":0.08218181818181818,"routing/first_pass/mean_entropy":1.0256853920407594,"experiment/baseline_no_ocr/latency_vs_quality":{"_latest_artifact_path":"wandb-client-artifact://yq59uyf47gqgski9riukyn3vqxr5sa82q1mh14lou63pepqtfry3ruwpk7xrc6qfnwgkcz30r2u4g7xv3yux1tfeg6j0m5agzor0ql8gxps04j736pd2n0a3vm7zu0c1:latest/experiment/baseline_no_ocr/latency_vs_quality.table.json","log_mode":"IMMUTABLE","nrows":512,"artifact_path":"wandb-client-artifact://k8t8guu37aavvxnni7t95q71xbnrcwq2olvrcrcl9l5jfzlzi2ibe6q9unvhjjqhl1ad23js1p0v913badmom4f0d3jnm9ihg3jktlq8cfv9su3yzaanp9dhxg5ekt44/experiment/baseline_no_ocr/latency_vs_quality.table.json","size":24017,"_type":"table-file","sha256":"58df42cec6cc10b1f6216eabd67a40dd440dbe9e3444adfccf4c02ee6a600069","path":"media/table/experiment/baseline_no_ocr/latency_vs_quality_2752_58df42cec6cc10b1f621.table.json","ncols":4},"routing/final/sequence_confidence":0.7219725911594769,"experiment/entropy_routing_default/ocr_call_ratio":0.23527272727272727,"experiment/baseline_no_ocr/entropy_not_triggered_hist":{"bins":[0.03658889541735074,0.1622614855896245,0.2879340757618982,0.413606665934172,0.5392792561064458,0.6649518462787195,0.7906244364509933,0.9162970266232671,1.0419696167955408,1.1676422069678145,1.2933147971400882,1.418987387312362,1.544659977484636,1.6703325676569096,1.7960051578291834,1.921677748001457,2.0473503381737306,2.1730229283460045,2.298695518518278,2.424368108690552,2.5500406988628255,2.6757132890350994,2.801385879207373,2.927058469379647,3.052731059551921,3.1784036497241943,3.3040762398964683,3.4297488300687418,3.5554214202410157,3.681094010413289,3.806766600585563,3.9324391907578367,4.058111780930111,4.1837843711023845,4.309456961274659,4.435129551446932,4.560802141619206,4.686474731791479,4.812147321963754,4.937819912136027,5.063492502308301,5.189165092480575,5.314837682652849,5.440510272825122,5.566182862997396,5.69185545316967,5.817528043341944,5.943200633514217,6.0688732236864915,6.194545813858765,6.3202184040310385,6.445890994203312,6.571563584375586,6.69723617454786,6.822908764720133,6.948581354892407,7.074253945064681,7.199926535236955,7.325599125409228,7.451271715581503,7.576944305753776,7.70261689592605,7.828289486098323,7.953962076270598,8.079634666442871],"_type":"histogram","values":[128,416,441,353,268,210,166,126,96,89,74,58,40,30,25,31,29,19,25,18,9,12,6,11,7,6,5,5,4,3,1,7,2,2,1,2,1,1,3,2,2,0,1,0,0,1,1,2,1,1,0,1,0,0,0,1,0,0,1,2,1,2,0,1]},"experiment/baseline_no_ocr/coverage":0,"experiment/baseline_no_ocr/ece":0.7261394211933603,"routing/second_pass/latency_ms":974.2782949469984,"routing/ocr_text_length":0,"routing/first_pass/min_margin":0.11425590515136719,"routing/entropy_threshold":0.7,"experiment/baseline_no_ocr/cer":0.7211704796176867,"routing/first_pass/token_count":21,"routing/second_pass/token_count":21,"experiment/entropy_routing_default/brier":0.6380777472982241,"experiment/baseline_no_ocr/avg_latency_s":1.101977818181818,"routing/second_pass/normalized_entropy":0.7696864200633562,"experiment/entropy_routing_default/cer":0.784786385214324,"routing/final/normalized_entropy":0.20324278229553291,"experiment/entropy_routing_default/entropy_triggered_hist":{"values":[7,18,19,56,57,46,44,35,42,29,36,25,25,18,19,25,16,8,18,9,7,7,7,7,8,4,5,6,1,3,3,6,1,2,2,1,1,2,3,2,1,0,1,0,0,1,1,2,1,1,0,1,0,0,0,1,0,0,1,2,1,2,0,1],"bins":[0.09969801920487953,0.22438452931797315,0.34907103943106677,0.4737575495441604,0.598444059657254,0.7231305697703476,0.8478170798834412,0.9725035899965349,1.0971901001096285,1.221876610222722,1.3465631203358157,1.4712496304489093,1.595936140562003,1.7206226506750966,1.8453091607881902,1.9699956709012838,2.0946821810143774,2.219368691127471,2.3440552012405647,2.4687417113536583,2.593428221466752,2.7181147315798455,2.842801241692939,2.9674877518060327,3.0921742619191264,3.21686077203222,3.3415472821453136,3.466233792258407,3.590920302371501,3.7156068124845945,3.840293322597688,3.9649798327107817,4.089666342823875,4.214352852936969,4.3390393630500625,4.463725873163156,4.58841238327625,4.713098893389343,4.837785403502437,4.962471913615531,5.087158423728624,5.211844933841718,5.3365314439548115,5.461217954067905,5.585904464180999,5.710590974294092,5.835277484407186,5.95996399452028,6.084650504633373,6.209337014746467,6.33402352485956,6.458710034972654,6.583396545085748,6.708083055198841,6.832769565311935,6.9574560754250285,7.082142585538122,7.206829095651216,7.331515605764309,7.456202115877403,7.580888625990497,7.70557513610359,7.830261646216684,7.9549481563297775,8.079634666442871],"_type":"histogram"},"_step":5506,"routing/triggered":0,"routing/used_ocr":0,"experiment/entropy_routing_default/ece":0.7442088238253486,"_runtime":6835,"routing/final/mean_entropy":1.0256853920407594,"experiment/entropy_routing_default/coverage":0.23527272727272727,