{"experiment/baseline_no_ocr/cer":0.7211704796176867,"routing/entropy_threshold":0.7,"experiment/entropy_routing_default/cer":0.784786385214324,"_timestamp":1.7629446290058024e+09,"_runtime":7079,"experiment/baseline_no_ocr/coverage":0,"routing/dynamic_trigger":0,"routing/total_latency_ms":984,"experiment/entropy_routing_default/wer":0.9259119235514155,"routing/second_pass/token_count":21,"experiment/baseline_no_ocr/accuracy":0.084,"routing/ocr_text_length":0,"routing/legacy_trigger":0,"experiment/entropy_routing_default/coverage":0.23527272727272727,"experiment/entropy_routing_default/entropy_not_triggered_hist":{"bins":[0.03658889541735074,0.08915025228816376,0.14171160915897676,0.1942729660297898,0.2468343229006028,0.2993956797714158,0.3519570366422288,0.4045183935130418,0.45707975038385484,0.5096411072546679,0.5622024641254809,0.6147638209962939,0.667325177867107,0.71988653473792,0.772447891608733,0.825009248479546,0.877570605350359,0.930131962221172,0.9826933190919851,1.035254675962798,1.087816032833611,1.140377389704424,1.192938746575237,1.2455001034460502,1.2980614603168632,1.3506228171876762,1.4031841740584892,1.4557455309293021,1.5083068878001151,1.5608682446709283,1.6134296015417413,1.6659909584125543,1.7185523152833673,1.7711136721541803,1.8236750290249932,1.8762363858958062,1.9287977427666194,1.9813590996374324,2.033920456508245,2.0864818133790584,2.139043170249871,2.1916045271206843,2.244165883991497,2.2967272408623103,2.349288597733123,2.4018499546039362,2.4544113114747494,2.506972668345562,2.5595340252163754,2.612095382087188,2.6646567389580014,2.717218095828814,2.7697794526996273,2.8223408095704405,2.8749021664412533,2.9274635233120665,2.9800248801828793,3.0325862370536925,3.0851475939245057,3.1377089507953184,3.1902703076661316,3.2428316645369444,3.2953930214077576,3.3479543782785703,3.4005157351493835],"_type":"histogram","values":[24,63,114,187,180,179,183,157,115,102,94,80,77,58,49,58,46,40,29,23,26,27,21,23,15,23,8,8,8,11,8,4,3,4,3,3,3,3,1,7,2,5,3,2,5,4,1,3,1,2,0,1,2,0,0,1,1,1,0,1,0,0,0,1]},"routing/final/mean_entropy":1.0256853920407594,"routing/first_pass/token_count":21,"_step":5506,"experiment/entropy_routing_default/accuracy":0.08218181818181818,"experiment/baseline_no_ocr/brier":0.6153859511819219,"experiment/baseline_no_ocr/wer":0.8386949283122087,"experiment/baseline_no_ocr/latency_vs_quality":{"ncols":4,"log_mode":"IMMUTABLE","nrows":512,"_type":"table-file","size":24014,"_latest_artifact_path":"wandb-client-artifact://g6npy4a5f0rzwuwv5b3tuei4cspow3c0dnecnzawmr2jn4ulu55hm0twhltkhlatvejsevb4puit2h2zbwcqj9tjquh5vuwjfmq78eph6lt8pslj55isf5o6n8unf3ue:latest/experiment/baseline_no_ocr/latency_vs_quality.table.json","artifact_path":"wandb-client-artifact://hop91wlm4gapjudhvf69r62cvosnfnun920ab6sqtgmvckm0lx8pq0swxseig19o6r1zlqr14vpvdn0oda1bh2s4uh3i9ym8fgn7pmg4j9zhyq4su1kk01ilht9p1edt/experiment/baseline_no_ocr/latency_vs_quality.table.json","sha256":"e2b78945222db9b508420588e22bc7ec93c6023cf00e3561c5188d38e0a746cb","path":"media/table/experiment/baseline_no_ocr/latency_vs_quality_2752_e2b78945222db9b50842.table.json"},"routing/first_pass/min_margin":0.11425590515136719,"_wandb":{"runtime":7079},"routing/second_pass/min_margin":0.13158226013183594,"routing/final/sequence_confidence":0.7219725911594769,"routing/second_pass/sequence_confidence":0.6703954097140628,"experiment/entropy_routing_default/brier":0.6380777472982241,"routing/used_ocr":0,"experiment/entropy_routing_default/ocr_call_ratio":0.23527272727272727,"experiment/entropy_routing_default/ece":0.7442088238253486,"experiment/entropy_routing_default/risk":0.9178181818181819,"routing/first_pass/latency_ms":982.5703729984525,"routing/second_pass/latency_ms":973.8155800005188,"routing/first_pass/sequence_confidence":0.7219725911594769,"experiment/entropy_routing_default/latency_vs_quality":{"path":"media/table/experiment/entropy_routing_default/latency_vs_quality_5506_a3bfaf289ab911155c6d.table.json","nrows":512,"log_mode":"IMMUTABLE","sha256":"a3bfaf289ab911155c6dbfd0bbbfb6d90a1d28f3c2c934c4a1551c731f83a0b0","artifact_path":"wandb-client-artifact://0ad5ilhmrjt2fy8i1wmvqc8pmd9m24y9bjzq43v1dw3jyxx70tvmrx3skzk2by0aprwxtkneeyghk9repeydmdvjb4zcggmqulbafgb0q1cgw8p543swuliqvff4czxt/experiment/entropy_routing_default/latency_vs_quality.table.json","_type":"table-file","_latest_artifact_path":"wandb-client-artifact://oi0cueck2mojk4gzm09sotdhy9h5hi7v4jgaj15fcycuylle9df3p7p3ey1qfqh1r1el9b0xrytn04qw43jine63sedcx0h7u4epe8jv5maval9007zuoy4k873gnsmg:latest/experiment/entropy_routing_default/latency_vs_quality.table.json","ncols":4,"size":24025},"experiment/entropy_routing_default/entropy_triggered_hist":{"_type":"histogram","values":[7,18,19,56,57,46,44,35,42,29,36,25,25,18,19,25,16,8,18,9,7,7,7,7,8,4,5,6,1,3,3,6,1,2,2,1,1,2,3,2,1,0,1,0,0,1,1,2,1,1,0,1,0,0,0,1,0,0,1,2,1,2,0,1],"bins":[0.09969801920487953,0.22438452931797315,0.34907103943106677,0.4737575495441604,0.598444059657254,0.7231305697703476,0.8478170798834412,0.9725035899965349,1.0971901001096285,1.221876610222722,1.3465631203358157,1.4712496304489093,1.595936140562003,1.7206226506750966,1.8453091607881902,1.9699956709012838,2.0946821810143774,2.219368691127471,2.3440552012405647,2.4687417113536583,2.593428221466752,2.7181147315798455,2.842801241692939,2.9674877518060327,3.0921742619191264,3.21686077203222,3.3415472821453136,3.466233792258407,3.590920302371501,3.7156068124845945,3.840293322597688,3.9649798327107817,4.089666342823875,4.214352852936969,4.3390393630500625,4.463725873163156,4.58841238327625,4.713098893389343,4.837785403502437,4.962471913615531,5.087158423728624,5.211844933841718,5.3365314439548115,5.461217954067905,5.585904464180999,5.710590974294092,5.835277484407186,5.95996399452028,6.084650504633373,6.209337014746467,6.33402352485956,6.458710034972654,6.583396545085748,6.708083055198841,6.832769565311935,6.9574560754250285,7.082142585538122,7.206829095651216,7.331515605764309,7.456202115877403,7.580888625990497,7.70557513610359,7.830261646216684,7.9549481563297775,8.079634666442871]},"routing/final/normalized_entropy":0.20324278229553291,"routing/triggered":0,"routing/second_pass/normalized_entropy":0.7696864200633562,"experiment/entropy_routing_default/avg_latency_s":1.4108978181818181,"experiment/baseline_no_ocr/ocr_call_ratio":0,"routing/first_pass/mean_entropy":1.0256853920407594,"routing/second_pass/mean_entropy":1.3342901618685574,"experiment/baseline_no_ocr/ece":0.7261394211933603,"routing/margin_threshold":-Infinity,"experiment/baseline_no_ocr/risk":0.916,"experiment/baseline_no_ocr/avg_latency_s":1.1528843636363635,"experiment/baseline_no_ocr/entropy_not_triggered_hist":{"values":[128,416,441,353,268,210,166,126,96,89,74,58,40,30,25,31,29,19,25,18,9,12,6,11,7,6,5,5,4,3,1,7,2,2,1,2,1,1,3,2,2,0,1,0,0,1,1,2,1,1,0,1,0,0,0,1,0,0,1,2,1,2,0,1],