{"routing/first_pass/normalized_entropy":2.015885166678244,"experiment/always_ocr/entropy_triggered_hist":{"bins":[0.07449444871873583,0.1506949251407522,0.22689540156276855,0.30309587798478493,0.3792963544068013,0.4554968308288177,0.531697307250834,0.6078977836728504,0.6840982600948667,0.7602987365168831,0.8364992129388995,0.9126996893609158,0.9889001657829322,1.0651006422049487,1.141301118626965,1.2175015950489814,1.2937020714709977,1.369902547893014,1.4461030243150303,1.522303500737047,1.5985039771590632,1.6747044535810796,1.7509049300030959,1.8271054064251122,1.9033058828471285,1.979506359269145,2.0557068356911614,2.131907312113178,2.2081077885351945,2.2843082649572106,2.360508741379227,2.4367092178012433,2.51290969422326,2.5891101706452764,2.6653106470672925,2.741511123489309,2.817711599911325,2.8939120763333417,2.9701125527553582,3.0463130291773743,3.122513505599391,3.198713982021407,3.2749144584434235,3.35111493486544,3.427315411287456,3.5035158877094728,3.579716364131489,3.6559168405535054,3.7321173169755215,3.808317793397538,3.8845182698195546,3.9607187462415707,4.036919222663587,4.113119699085603,4.1893201755076195,4.265520651929636,4.341721128351653,4.417921604773668,4.494122081195685,4.570322557617701,4.646523034039718,4.722723510461734,4.79892398688375,4.875124463305767,4.951324939727783],"_type":"histogram","values":[26,61,66,47,32,24,11,7,10,1,4,3,3,1,1,1,0,0,0,0,0,0,0,0,0,0,0,0,0,0,0,0,0,0,0,0,0,0,0,0,0,0,0,0,0,0,0,0,0,0,0,1,0,0,0,0,0,0,0,0,0,0,0,1]},"experiment/always_ocr/avg_latency_s":6.300013333333333,"experiment/entropy_routing_default/avg_latency_s":3.589173333333333,"experiment/baseline_no_ocr/cer":0.4962510793962348,"routing/total_latency_ms":7969,"routing/dynamic_trigger":1,"routing/used_ocr":1,"routing/first_pass/token_count":128,"routing/first_pass/mean_entropy":0.6019103345809071,"experiment/baseline_no_ocr/ocr_call_ratio":0,"routing/second_pass/mean_entropy":0.5398165080027866,"experiment/baseline_no_ocr/accuracy":0,"experiment/baseline_no_ocr/latency_vs_quality":{"path":"media/table/experiment/baseline_no_ocr/latency_vs_quality_302_84bd2d757a77f8359125.table.json","artifact_path":"wandb-client-artifact://dffmck0k907cyf2hqh2zxmurtbunbcrg069r3r7cquvb9klxd1runryusyu1lku4d78i3mlf6spvmfjg5xcbge0fk2433fzwkf6zockft9ay6j8xltdftclhi0hfg7c8/experiment/baseline_no_ocr/latency_vs_quality.table.json","sha256":"84bd2d757a77f8359125cc227423df0dbb725f4a5fe9dada177a5f8f63cfc35d","size":14472,"_type":"table-file","log_mode":"IMMUTABLE","nrows":300,"_latest_artifact_path":"wandb-client-artifact://pnt9qn6l479514dzpuwyx1mbi1tccuxi7cvdvwfmazluk861f3hqnmjwkhnuyowi485zchusa6pcesiwcus6yx6ggt4vbjxgnoxqhhkg6uvxce7qdl18j54x1cfj9dtq:latest/experiment/baseline_no_ocr/latency_vs_quality.table.json","ncols":4},"experiment/always_ocr/brier":0.8612762109499822,"experiment/baseline_no_ocr/anls":0.4029481293291786,"experiment/baseline_no_ocr/entropy_not_triggered_hist":{"bins":[0.07449444871873583,0.1506949251407522,0.22689540156276855,0.30309587798478493,0.3792963544068013,0.4554968308288177,0.531697307250834,0.6078977836728504,0.6840982600948667,0.7602987365168831,0.8364992129388995,0.9126996893609158,0.9889001657829322,1.0651006422049487,1.141301118626965,1.2175015950489814,1.2937020714709977,1.369902547893014,1.4461030243150303,1.522303500737047,1.5985039771590632,1.6747044535810796,1.7509049300030959,1.8271054064251122,1.9033058828471285,1.979506359269145,2.0557068356911614,2.131907312113178,2.2081077885351945,2.2843082649572106,2.360508741379227,2.4367092178012433,2.51290969422326,2.5891101706452764,2.6653106470672925,2.741511123489309,2.817711599911325,2.8939120763333417,2.9701125527553582,3.0463130291773743,3.122513505599391,3.198713982021407,3.2749144584434235,3.35111493486544,3.427315411287456,3.5035158877094728,3.579716364131489,3.6559168405535054,3.7321173169755215,3.808317793397538,3.8845182698195546,3.9607187462415707,4.036919222663587,4.113119699085603,4.1893201755076195,4.265520651929636,4.341721128351653,4.417921604773668,4.494122081195685,4.570322557617701,4.646523034039718,4.722723510461734,4.79892398688375,4.875124463305767,4.951324939727783],"_type":"histogram","values":[26,61,66,47,32,24,11,7,10,1,4,3,3,1,1,1,0,0,0,0,0,0,0,0,0,0,0,0,0,0,0,0,0,0,0,0,0,0,0,0,0,0,0,0,0,0,0,0,0,0,0,1,0,0,0,0,0,0,0,0,0,0,0,1]},"experiment/always_ocr/wer":0.6231982241978972,"experiment/entropy_routing_default/accuracy":0,"experiment/entropy_routing_default/risk":1,"experiment/entropy_routing_default/latency_vs_quality":{"log_mode":"IMMUTABLE","path":"media/table/experiment/entropy_routing_default/latency_vs_quality_909_93cddea187a39ef94d57.table.json","sha256":"93cddea187a39ef94d5767438093055e121f75d95bc92dbc56749d3c2d358c5b","size":14565,"_type":"table-file","_latest_artifact_path":"wandb-client-artifact://2nqyw9das15ccc34r9r6fhqealwbxfhnmi4j64ua4m7hp12530lnpzrk41ozymeycc4w3kwinpjymqv5gx8g99lc6gvq118md7clrv7zyrwlau8n0pyx6k0d2tsyiyxu:latest/experiment/entropy_routing_default/latency_vs_quality.table.json","ncols":4,"artifact_path":"wandb-client-artifact://v1ojoxjvco1y84n4dkq5thc2z89l7rt3ix2xi9v12gdew7p02mq154lhtb5i8qibzo4fqj5c3po288z9ew9ze3503jz82vt56ks5ju3exata8hc3b9z97ibvi1rgdd9d/experiment/entropy_routing_default/latency_vs_quality.table.json","nrows":300},"experiment/entropy_routing_default/entropy_not_triggered_hist":{"values":[1,3,2,7,7,5,12,7,2,15,14,12,12,11,12,9,6,8,10,8,14,2,5,3,3,5,6,6,4,4,5,3,0,2,1,0,0,2,2,1,1,0,2,0,0,0,0,0,0,0,0,0,1,0,0,0,0,0,0,0,0,0,0,1],"bins":[0.07449444871873583,0.08732982962716448,0.10016521053559316,0.11300059144402182,0.12583597235245048,0.13867135326087915,0.15150673416930782,0.16434211507773647,0.1771774959861651,0.19001287689459379,0.20284825780302246,0.21568363871145113,0.2285190196198798,0.24135440052830842,0.2541897814367371,0.26702516234516577,0.27986054325359444,0.2926959241620231,0.30553130507045173,0.3183666859788804,0.3312020668873091,0.34403744779573775,0.3568728287041664,0.3697082096125951,0.38254359052102377,0.3953789714294524,0.40821435233788106,0.42104973324630973,0.4338851141547384,0.4467204950631671,0.4595558759715957,0.47239125688002437,0.48522663778845304,0.4980620186968817,0.5108973996053103,0.523732780513739,0.5365681614221677,0.5494035423305963,0.562238923239025,0.5750743041474536,0.5879096850558823,0.600745065964311,0.6135804468727396,0.6264158277811682,0.639251208689597,0.6520865895980256,0.6649219705064543,0.6777573514148829,0.6905927323233116,0.7034281132317403,0.7162634941401689,0.7290988750485976,0.7419342559570262,0.754769636865455,0.7676050177738836,0.7804403986823122,0.7932757795907409,0.8061111604991695,0.8189465414075983,0.8317819223160269,0.8446173032244555,0.8574526841328842,0.8702880650413128,0.8831234459497416,0.8959588268581702],"_type":"histogram"},"experiment/baseline_no_ocr/wer":0.6271534156564003,"routing/margin_threshold":-Infinity,"experiment/baseline_no_ocr/brier":0.8175934094174815,"routing/first_pass/min_margin":0.08814620971679688,"experiment/entropy_routing_default/wer":0.6186444169169011,"routing/legacy_trigger":1,"experiment/always_ocr/coverage":1,"routing/second_pass/token_count":128,"experiment/always_ocr/ocr_call_ratio":1,"experiment/entropy_routing_default/cer":0.46566189033095395,"routing/final/normalized_entropy":1.567280367373741,"experiment/always_ocr/latency_vs_quality":{"log_mode":"IMMUTABLE","ncols":4,"path":"media/table/experiment/always_ocr/latency_vs_quality_605_49b50de91519f24cbba1.table.json","_type":"table-file","sha256":"49b50de91519f24cbba1f44c5acc89732e9a73c3ef4e4195eb5b8aaef02ae8b4","nrows":300,"_latest_artifact_path":"wandb-client-artifact://clp6ocp04u4ngs142k2rgpugxde0v0b5hzpzlge2nwmk3o5fx7fwdmx24kcjben1xt61k53yxu6jmr3nblowy556pocxji7x91kp1vty6gh4b7het8k91qnvtbt8w8ab:latest/experiment/always_ocr/latency_vs_quality.table.json","size":14705,