{"experiment/baseline_no_ocr/risk":0.916,"experiment/entropy_routing_default/ocr_call_ratio":0.23527272727272727,"experiment/always_ocr/avg_latency_s":3.799757090909091,"routing/first_pass/latency_ms":961.6827809950337,"experiment/entropy_routing_default/ece":0.7306961204789699,"experiment/always_ocr/coverage":1,"experiment/always_ocr/risk":0.9156363636363636,"routing/final/mean_entropy":1.0256853920407594,"routing/first_pass/sequence_confidence":0.7219725911594769,"_wandb":{"runtime":24165},"experiment/entropy_routing_default/cer":0.7555288871475873,"experiment/always_ocr/latency_vs_quality":{"sha256":"475a0d1b090b50374a71888fe11728adc73c6c2fd38c5b635ba7c40e1249c58f","path":"media/table/experiment/always_ocr/latency_vs_quality_5505_475a0d1b090b50374a71.table.json","ncols":4,"_type":"table-file","log_mode":"IMMUTABLE","size":24013,"_latest_artifact_path":"wandb-client-artifact://0n1zxmj7xsyvebmekvwalmg20evp6o882wjxdqkw5j4lezin9nl6fjqur66v86zeqzt3fs7zcuh4sunrjb2ixziy2crr4egt6ualdgkjq5dh3xyb07dntbgmh82vzyo0:latest/experiment/always_ocr/latency_vs_quality.table.json","artifact_path":"wandb-client-artifact://36eqwsutan8fo841akarv9jp7sryhshbnvsyh3h7dfhn3jrxjajtky6q5tcapi3eq60c1lok19cnku0ibuwpm8q80chiglf6rl3toe6weytwymty6wkzgedm3iifvyly/experiment/always_ocr/latency_vs_quality.table.json","nrows":512},"routing/ocr_text_length":0,"routing/final/normalized_entropy":0.20324278229553291,"experiment/always_ocr/ocr_call_ratio":1,"experiment/always_ocr/wer":0.9125373065868029,"routing/first_pass/token_count":21,"experiment/baseline_no_ocr/ocr_call_ratio":0,"experiment/baseline_no_ocr/avg_latency_s":1.0960203636363637,"experiment/always_ocr/accuracy":0.08436363636363636,"routing/legacy_trigger":0,"routing/margin_threshold":-Infinity,"_runtime":24165,"experiment/entropy_routing_default/brier":0.6211439431557326,"experiment/baseline_no_ocr/accuracy":0.084,"routing/triggered":0,"experiment/entropy_routing_default/accuracy":0.08363636363636363,"routing/first_pass/normalized_entropy":0.20324278229553291,"experiment/always_ocr/brier":0.6196904260166497,"experiment/entropy_routing_default/avg_latency_s":1.6480483636363636,"experiment/always_ocr/entropy_triggered_hist":{"_type":"histogram","values":[128,416,441,353,268,210,166,126,96,89,74,58,40,30,25,31,29,19,25,18,9,12,6,11,7,6,5,5,4,3,1,7,2,2,1,2,1,1,3,2,2,0,1,0,0,1,1,2,1,1,0,1,0,0,0,1,0,0,1,2,1,2,0,1],"bins":[0.03658889541735074,0.1622614855896245,0.2879340757618982,0.413606665934172,0.5392792561064458,0.6649518462787195,0.7906244364509933,0.9162970266232671,1.0419696167955408,1.1676422069678145,1.2933147971400882,1.418987387312362,1.544659977484636,1.6703325676569096,1.7960051578291834,1.921677748001457,2.0473503381737306,2.1730229283460045,2.298695518518278,2.424368108690552,2.5500406988628255,2.6757132890350994,2.801385879207373,2.927058469379647,3.052731059551921,3.1784036497241943,3.3040762398964683,3.4297488300687418,3.5554214202410157,3.681094010413289,3.806766600585563,3.9324391907578367,4.058111780930111,4.1837843711023845,4.309456961274659,4.435129551446932,4.560802141619206,4.686474731791479,4.812147321963754,4.937819912136027,5.063492502308301,5.189165092480575,5.314837682652849,5.440510272825122,5.566182862997396,5.69185545316967,5.817528043341944,5.943200633514217,6.0688732236864915,6.194545813858765,6.3202184040310385,6.445890994203312,6.571563584375586,6.69723617454786,6.822908764720133,6.948581354892407,7.074253945064681,7.199926535236955,7.325599125409228,7.451271715581503,7.576944305753776,7.70261689592605,7.828289486098323,7.953962076270598,8.079634666442871]},"experiment/baseline_no_ocr/brier":0.6153859511819219,"experiment/entropy_routing_default/risk":0.9163636363636364,"experiment/always_ocr/ece":0.7288818437383845,"routing/first_pass/mean_entropy":1.0256853920407594,"experiment/baseline_no_ocr/entropy_not_triggered_hist":{"values":[128,416,441,353,268,210,166,126,96,89,74,58,40,30,25,31,29,19,25,18,9,12,6,11,7,6,5,5,4,3,1,7,2,2,1,2,1,1,3,2,2,0,1,0,0,1,1,2,1,1,0,1,0,0,0,1,0,0,1,2,1,2,0,1],"bins":[0.03658889541735074,0.1622614855896245,0.2879340757618982,0.413606665934172,0.5392792561064458,0.6649518462787195,0.7906244364509933,0.9162970266232671,1.0419696167955408,1.1676422069678145,1.2933147971400882,1.418987387312362,1.544659977484636,1.6703325676569096,1.7960051578291834,1.921677748001457,2.0473503381737306,2.1730229283460045,2.298695518518278,2.424368108690552,2.5500406988628255,2.6757132890350994,2.801385879207373,2.927058469379647,3.052731059551921,3.1784036497241943,3.3040762398964683,3.4297488300687418,3.5554214202410157,3.681094010413289,3.806766600585563,3.9324391907578367,4.058111780930111,4.1837843711023845,4.309456961274659,4.435129551446932,4.560802141619206,4.686474731791479,4.812147321963754,4.937819912136027,5.063492502308301,5.189165092480575,5.314837682652849,5.440510272825122,5.566182862997396,5.69185545316967,5.817528043341944,5.943200633514217,6.0688732236864915,6.194545813858765,6.3202184040310385,6.445890994203312,6.571563584375586,6.69723617454786,6.822908764720133,6.948581354892407,7.074253945064681,7.199926535236955,7.325599125409228,7.451271715581503,7.576944305753776,7.70261689592605,7.828289486098323,7.953962076270598,8.079634666442871],"_type":"histogram"},"experiment/baseline_no_ocr/ece":0.7261394211933603,"experiment/entropy_routing_default/latency_vs_quality":{"log_mode":"IMMUTABLE","nrows":512,"ncols":4,"size":24053,"artifact_path":"wandb-client-artifact://9lqk1i08ylt2ygacgttyg048bgmr71c4oll5ljlc0l7g6aeblvrhk1zj6e1y85ckmjvpm4cx4s3c2brt85jjigb2bzmpv1h5e65ljjqa6hqlcx1z2gn3li4oitpev92n/experiment/entropy_routing_default/latency_vs_quality.table.json","_latest_artifact_path":"wandb-client-artifact://aeyb0hf2t4v5yl6q86oioef03kp0oaa3klf7aij430xz3orgbe59yndzssglnz2qqbf9ws0exfq0vplxnep3xyhzwpx9aodxb6o4ze8xyyanz9rpqzc0bkze0wvptys1:latest/experiment/entropy_routing_default/latency_vs_quality.table.json","sha256":"66f392dddb24d726fbd08315d26ec9e82b776b21bcf6e9ee83ebdeda6d63ea00","_type":"table-file","path":"media/table/experiment/entropy_routing_default/latency_vs_quality_8259_66f392dddb24d726fbd0.table.json"},"experiment/baseline_no_ocr/wer":0.8386949283122087,"experiment/entropy_routing_default/wer":0.9001632509496984,"experiment/entropy_routing_default/coverage":0.23527272727272727,"experiment/always_ocr/cer":0.7510040167425428,"routing/second_pass/latency_ms":1204.4982130173594,"routing/first_pass/min_margin":0.11425590515136719,"routing/used_ocr":0,"experiment/baseline_no_ocr/cer":0.7211704796176867,"routing/final/sequence_confidence":0.7219725911594769,"routing/second_pass/sequence_confidence":0.6373582137462105,"routing/second_pass/normalized_entropy":0.280358985589281,"_step":8259,"routing/second_pass/token_count":30,"routing/total_latency_ms":962,"routing/second_pass/mean_entropy":1.0793867583049397,"experiment/entropy_routing_default/entropy_not_triggered_hist":{"values":[24,63,114,187,180,179,183,157,115,102,94,80,77,58,49,58,46,40,29,23,26,27,21,23,15,23,8,8,8,11,8,4,3,4,3,3,3,3,1,7,2,5,3,2,5,4,1,3,1,2,0,1,2,0,0,1,1,1,0,1,0,0,0,1],