{"experiment/always_ocr/entropy_triggered_hist":{"_type":"histogram","values":[45,68,62,39,31,22,8,6,5,1,5,3,1,1,1,0,0,0,0,0,0,0,0,0,0,0,0,0,0,0,0,0,0,0,0,0,0,0,0,0,0,0,0,0,0,0,0,0,0,0,0,1,0,0,0,0,0,0,0,0,0,0,0,1],"bins":[0.07449444871873583,0.1506949251407522,0.22689540156276855,0.30309587798478493,0.3792963544068013,0.4554968308288177,0.531697307250834,0.6078977836728504,0.6840982600948667,0.7602987365168831,0.8364992129388995,0.9126996893609158,0.9889001657829322,1.0651006422049487,1.141301118626965,1.2175015950489814,1.2937020714709977,1.369902547893014,1.4461030243150303,1.522303500737047,1.5985039771590632,1.6747044535810796,1.7509049300030959,1.8271054064251122,1.9033058828471285,1.979506359269145,2.0557068356911614,2.131907312113178,2.2081077885351945,2.2843082649572106,2.360508741379227,2.4367092178012433,2.51290969422326,2.5891101706452764,2.6653106470672925,2.741511123489309,2.817711599911325,2.8939120763333417,2.9701125527553582,3.0463130291773743,3.122513505599391,3.198713982021407,3.2749144584434235,3.35111493486544,3.427315411287456,3.5035158877094728,3.579716364131489,3.6559168405535054,3.7321173169755215,3.808317793397538,3.8845182698195546,3.9607187462415707,4.036919222663587,4.113119699085603,4.1893201755076195,4.265520651929636,4.341721128351653,4.417921604773668,4.494122081195685,4.570322557617701,4.646523034039718,4.722723510461734,4.79892398688375,4.875124463305767,4.951324939727783]},"routing/first_pass/token_count":256,"experiment/baseline_no_ocr/entropy_not_triggered_hist":{"values":[45,68,62,39,31,22,8,6,5,1,5,3,1,1,1,0,0,0,0,0,0,0,0,0,0,0,0,0,0,0,0,0,0,0,0,0,0,0,0,0,0,0,0,0,0,0,0,0,0,0,0,1,0,0,0,0,0,0,0,0,0,0,0,1],"bins":[0.07449444871873583,0.1506949251407522,0.22689540156276855,0.30309587798478493,0.3792963544068013,0.4554968308288177,0.531697307250834,0.6078977836728504,0.6840982600948667,0.7602987365168831,0.8364992129388995,0.9126996893609158,0.9889001657829322,1.0651006422049487,1.141301118626965,1.2175015950489814,1.2937020714709977,1.369902547893014,1.4461030243150303,1.522303500737047,1.5985039771590632,1.6747044535810796,1.7509049300030959,1.8271054064251122,1.9033058828471285,1.979506359269145,2.0557068356911614,2.131907312113178,2.2081077885351945,2.2843082649572106,2.360508741379227,2.4367092178012433,2.51290969422326,2.5891101706452764,2.6653106470672925,2.741511123489309,2.817711599911325,2.8939120763333417,2.9701125527553582,3.0463130291773743,3.122513505599391,3.198713982021407,3.2749144584434235,3.35111493486544,3.427315411287456,3.5035158877094728,3.579716364131489,3.6559168405535054,3.7321173169755215,3.808317793397538,3.8845182698195546,3.9607187462415707,4.036919222663587,4.113119699085603,4.1893201755076195,4.265520651929636,4.341721128351653,4.417921604773668,4.494122081195685,4.570322557617701,4.646523034039718,4.722723510461734,4.79892398688375,4.875124463305767,4.951324939727783],"_type":"histogram"},"experiment/always_ocr/avg_latency_s":8.606246666666665,"experiment/baseline_no_ocr/coverage":0,"routing/second_pass/normalized_entropy":1.9516895401134222,"experiment/always_ocr/accuracy":0.006666666666666667,"experiment/always_ocr/ocr_call_ratio":1,"experiment/entropy_routing_default/brier":0.8520474846535409,"experiment/entropy_routing_default/entropy_not_triggered_hist":{"bins":[0.07449444871873583,0.08732982962716448,0.10016521053559316,0.11300059144402182,0.12583597235245048,0.13867135326087915,0.15150673416930782,0.16434211507773647,0.1771774959861651,0.19001287689459379,0.20284825780302246,0.21568363871145113,0.2285190196198798,0.24135440052830842,0.2541897814367371,0.26702516234516577,0.27986054325359444,0.2926959241620231,0.30553130507045173,0.3183666859788804,0.3312020668873091,0.34403744779573775,0.3568728287041664,0.3697082096125951,0.38254359052102377,0.3953789714294524,0.40821435233788106,0.42104973324630973,0.4338851141547384,0.4467204950631671,0.4595558759715957,0.47239125688002437,0.48522663778845304,0.4980620186968817,0.5108973996053103,0.523732780513739,0.5365681614221677,0.5494035423305963,0.562238923239025,0.5750743041474536,0.5879096850558823,0.600745065964311,0.6135804468727396,0.6264158277811682,0.639251208689597,0.6520865895980256,0.6649219705064543,0.6777573514148829,0.6905927323233116,0.7034281132317403,0.7162634941401689,0.7290988750485976,0.7419342559570262,0.754769636865455,0.7676050177738836,0.7804403986823122,0.7932757795907409,0.8061111604991695,0.8189465414075983,0.8317819223160269,0.8446173032244555,0.8574526841328842,0.8702880650413128,0.8831234459497416,0.8959588268581702],"_type":"histogram","values":[4,3,0,7,9,20,10,12,7,13,14,11,12,17,7,8,7,7,10,7,8,2,2,2,1,4,5,3,3,2,4,2,0,1,1,0,0,1,1,0,0,0,2,1,0,0,0,0,0,0,0,0,0,0,0,0,0,0,0,0,0,0,0,1]},"routing/final/mean_entropy":0.5291359432494005,"routing/first_pass/min_margin":0.030523300170898438,"experiment/always_ocr/coverage":1,"experiment/always_ocr/risk":0.9933333333333333,"experiment/baseline_no_ocr/latency_vs_quality":{"nrows":300,"size":14625,"_type":"table-file","sha256":"24619c333d545911727dadd97acdb9ea1fdd02fc5cd52855ac82de1ef6ca0daf","_latest_artifact_path":"wandb-client-artifact://twil5vaswfarlqp7rkvbv4129ihf4f7ud6alx1cqskvg2ie766u6e7y0a93naf50tklwdhezhl44ykmrau9gyyiv6gipljyk8f2oxdx31jtfz6d178auwn4xohd6zkj6:latest/experiment/baseline_no_ocr/latency_vs_quality.table.json","artifact_path":"wandb-client-artifact://2lc4p4iilhhz3w5l7itl6kbdprescbw3u8wj6qhvalp8oee1p99e74vom3yb8cfvzor6fpuk9gq1vrout4ic14fajx9cvt0e82l825098l4at5hm5n8uo4c3og6ohv5m/experiment/baseline_no_ocr/latency_vs_quality.table.json","ncols":4,"path":"media/table/experiment/baseline_no_ocr/latency_vs_quality_302_24619c333d545911727d.table.json","log_mode":"IMMUTABLE"},"experiment/entropy_routing_default/accuracy":0,"experiment/baseline_no_ocr/ocr_call_ratio":0,"experiment/baseline_no_ocr/brier":0.8319505420126941,"experiment/baseline_no_ocr/accuracy":0,"routing/ocr_text_length":235,"routing/used_ocr":1,"experiment/entropy_routing_default/risk":1,"_step":909,"experiment/entropy_routing_default/cer":0.42571477243120237,"experiment/entropy_routing_default/wer":0.6203990632273857,"experiment/baseline_no_ocr/risk":1,"routing/second_pass/sequence_confidence":0.8322037096830054,"experiment/always_ocr/ece":0.9232231528783197,"experiment/always_ocr/anls":0.5675446820924461,"routing/first_pass/mean_entropy":0.4706107522031573,"routing/second_pass/mean_entropy":0.5291359432494005,"experiment/always_ocr/latency_vs_quality":{"log_mode":"IMMUTABLE","ncols":4,"size":14829,"nrows":300,"sha256":"affdd8e5a22c76c22320eff64251524e591152234dcd88d7ba267ecdacd2c66a","path":"media/table/experiment/always_ocr/latency_vs_quality_605_affdd8e5a22c76c22320.table.json","_type":"table-file","artifact_path":"wandb-client-artifact://a75ha6bme3hwt23udg3n8tck0g2dgrt6ozglu73ne1uvrbzy7p94cdjyd25a0r9ll4r6vo6fyhnt0j3b7ovrsoov0w7fp3m7w2im2g227n0a8kbp0e9qhaxilwgkpcak/experiment/always_ocr/latency_vs_quality.table.json","_latest_artifact_path":"wandb-client-artifact://2gytm472x6qwya2uoas6op13xbo4y0v718z9a62dkg4rpd3gpdtcp6iv2pb3gzcdnm9snqnqw7g1ruhnt1c69whmih5lb39r37z3z73z6hk5zh3dav5jkcxcvur4awza:latest/experiment/always_ocr/latency_vs_quality.table.json"},"experiment/entropy_routing_default/ece":0.9217074952185695,"experiment/entropy_routing_default/coverage":0.23,"experiment/entropy_routing_default/relaxed_accuracy":0.6466666666666666,"experiment/baseline_no_ocr/anls":0.4983868871542826,"experiment/entropy_routing_default/anls":0.5375449584166879,"experiment/baseline_no_ocr/wer":0.6449758702793725,"routing/dynamic_trigger":1,"experiment/entropy_routing_default/latency_vs_quality":{"artifact_path":"wandb-client-artifact://yrpuxmw23apjrjwyrsxdsiw3sax54rw6lc5cs3i8120p9m40e5njvx6l0v12hgozxbhd1xu05eyztoj4fpjtj6xqcybj5fmdet9402gb5omj30n1mqlhh28n90uxs8fg/experiment/entropy_routing_default/latency_vs_quality.table.json","log_mode":"IMMUTABLE","_type":"table-file","path":"media/table/experiment/entropy_routing_default/latency_vs_quality_909_cc88e09c1194e9872dbe.table.json","size":14669,