{"routing/first_pass/mean_entropy":0.1923007159057306,"routing/triggered":0,"experiment/always_ocr/ece":0.7798594033612309,"experiment/entropy_routing_default/brier":0.5249775898760868,"experiment/baseline_no_ocr/coverage":0,"experiment/baseline_no_ocr/ece":0.6161465528224243,"experiment/entropy_routing_default/accuracy":0,"experiment/always_ocr/accuracy":0,"experiment/baseline_no_ocr/latency_vs_quality":{"_type":"table-file","log_mode":"IMMUTABLE","sha256":"c6f68fc2900a368fa9e2c5b84ec8479e14dc9529ad37184c894f93dc649804d1","path":"media/table/experiment/baseline_no_ocr/latency_vs_quality_302_c6f68fc2900a368fa9e2.table.json","ncols":4,"artifact_path":"wandb-client-artifact://mkmtvh6w4vy5krb1p2nhjqhdrtnmpjbshp6uczpwjiazf17t3zav0ycz4fjfsc9ap3avsqy4ztni643nrcqg6l3zwcapj4vrj2a5ujv2eznqkyqx374cqzpygz4bks0h/experiment/baseline_no_ocr/latency_vs_quality.table.json","nrows":300,"_latest_artifact_path":"wandb-client-artifact://ngg61uq6gutnw41qdjzw7vqw3u2ij0nkzhsf7unclsq3vwa9hovlr1kz9gcpsrcnfv8i8o9lg5bd9917rb7b9pp3lsimil44p41esvi2dzm9affrl6yokggok5ax70sv:latest/experiment/baseline_no_ocr/latency_vs_quality.table.json","size":13184},"experiment/always_ocr/wer":2.3577037894975272,"routing/margin_threshold":-Infinity,"experiment/entropy_routing_default/entropy_not_triggered_hist":{"bins":[0.1597601255216432,0.195177913321506,0.2305957011213688,0.26601348892123156,0.3014312767210944,0.33684906452095714,0.3722668523208199,0.40768464012068273,0.4431024279205455,0.47852021572040826,0.5139380035202711,0.5493557913201339,0.5847735791199966,0.6201913669198594,0.6556091547197223,0.691026942519585,0.7264447303194478,0.7618625181193106,0.7972803059191733,0.8326980937190361,0.868115881518899,0.9035336693187617,0.9389514571186245,0.9743692449184873,1.00978703271835,1.045204820518213,1.0806226083180757,1.1160403961179384,1.1514581839178013,1.186875971717664,1.2222937595175267,1.2577115473173897,1.2931293351172524,1.328547122917115,1.363964910716978,1.3993826985168407,1.4348004863167034,1.4702182741165664,1.505636061916429,1.5410538497162918,1.5764716375161547,1.6118894253160174,1.6473072131158801,1.682725000915743,1.7181427887156058,1.7535605765154685,1.7889783643153314,1.8243961521151941,1.8598139399150568,1.8952317277149198,1.9306495155147825,1.9660673033146454,2.001485091114508,2.036902878914371,2.0723206667142335,2.1077384545140965,2.1431562423139594,2.178574030113822,2.213991817913685,2.2494096057135478,2.2848273935134102,2.320245181313273,2.355662969113136,2.3910807569129986,2.4264985447128615],"_type":"histogram","values":[3,3,5,6,2,2,6,8,11,4,3,3,1,5,2,2,1,3,1,3,2,3,6,3,4,5,6,3,9,3,9,1,4,5,13,9,2,5,7,1,8,6,5,4,1,2,3,3,3,3,2,0,0,0,0,0,1,1,1,1,1,0,0,1]},"experiment/entropy_routing_default/ocr_call_ratio":0.26666666666666666,"experiment/baseline_no_ocr/cer":0.9985639054985156,"routing/final/sequence_confidence":0.9561654711176417,"experiment/always_ocr/brier":0.641774388620292,"routing/second_pass/latency_ms":3576.7214968800545,"routing/first_pass/normalized_entropy":-0.7100726016425647,"routing/second_pass/min_margin":0.2636690139770508,"routing/first_pass/latency_ms":3491.4007829502225,"routing/legacy_trigger":0,"routing/first_pass/sequence_confidence":0.9561654711176417,"routing/total_latency_ms":3499,"experiment/always_ocr/cer":1.7800560882319787,"_runtime":2487,"experiment/baseline_no_ocr/entropy_not_triggered_hist":{"values":[5,9,6,8,16,8,4,6,5,2,4,3,11,5,11,9,10,7,9,21,8,9,10,12,9,7,6,6,7,4,6,4,9,7,2,5,1,4,1,2,2,2,1,2,3,0,1,3,2,0,0,1,2,0,0,1,0,0,0,0,0,0,1,1],"bins":[0.1597601255216432,0.22307930742019266,0.2863984893187421,0.3497176712172916,0.41303685311584104,0.4763560350143905,0.53967521691294,0.6029943988114894,0.6663135807100389,0.7296327626085883,0.7929519445071378,0.8562711264056873,0.9195903083042367,0.9829094902027862,1.0462286721013356,1.109547853999885,1.1728670358984346,1.236186217796984,1.2995053996955335,1.362824581594083,1.4261437634926324,1.4894629453911818,1.5527821272897313,1.6161013091882808,1.6794204910868302,1.7427396729853797,1.8060588548839291,1.8693780367824786,1.932697218681028,1.9960164005795775,2.059335582478127,2.1226547643766764,2.185973946275226,2.2492931281737754,2.312612310072325,2.3759314919708743,2.4392506738694237,2.502569855767973,2.5658890376665227,2.629208219565072,2.6925274014636216,2.755846583362171,2.8191657652607205,2.88248494715927,2.9458041290578194,3.009123310956369,3.0724424928549183,3.135761674753468,3.1990808566520172,3.2624000385505667,3.325719220449116,3.3890384023476656,3.452357584246215,3.5156767661447645,3.578995948043314,3.6423151299418635,3.705634311840413,3.7689534937389624,3.832272675637512,3.8955918575360613,3.9589110394346108,4.02223022133316,4.08554940323171,4.148868585130259,4.212187767028809],"_type":"histogram"},"experiment/baseline_no_ocr/wer":1.1223592472603534,"experiment/baseline_no_ocr/risk":1,"routing/entropy_threshold":0.7,"experiment/entropy_routing_default/cer":1.2286496652572898,"routing/ocr_text_length":0,"_wandb":{"runtime":2487},"experiment/baseline_no_ocr/accuracy":0,"experiment/entropy_routing_default/wer":1.5270337260281683,"experiment/always_ocr/risk":1,"experiment/always_ocr/latency_vs_quality":{"log_mode":"IMMUTABLE","_type":"table-file","nrows":300,"path":"media/table/experiment/always_ocr/latency_vs_quality_605_be3610c2010df7111ad7.table.json","size":14013,"ncols":4,"_latest_artifact_path":"wandb-client-artifact://9um5z5rf7fc8c7n61hqocy5o6mlz7hxcvwtoj0wsyt48rcluyd06xgw922b0m60rslmcwnxttjy35cfq8yoljcokddjlt23y9oq971rx403vuo7bdo7b24lkttphe6ww:latest/experiment/always_ocr/latency_vs_quality.table.json","artifact_path":"wandb-client-artifact://psajgbpics2615guf0hqp9fx4qc8xtyjpo177gb2pt7xse2sh8xhbg95bku7rkuxpht6dznmfy5vt9qlley26y6mnks9u2lxyzzdlpwhwxovaydqi8ubjeoc9119nezn/experiment/always_ocr/latency_vs_quality.table.json","sha256":"be3610c2010df7111ad75955608ae89c1d3fe8c6c235e23cf9e90461b7bfeda7"},"experiment/entropy_routing_default/avg_latency_s":2.250576666666667,"experiment/baseline_no_ocr/ocr_call_ratio":0,"routing/used_ocr":0,"routing/second_pass/token_count":128,"experiment/always_ocr/avg_latency_s":4.225003333333333,"experiment/entropy_routing_default/entropy_triggered_hist":{"values":[1,0,0,0,1,1,0,1,0,1,3,2,1,1,2,0,6,3,3,3,5,5,4,2,2,3,1,0,4,1,1,1,2,2,0,1,2,1,2,1,0,2,3,0,0,0,1,0,2,0,0,0,0,1,0,0,0,0,0,0,0,1,0,1],"bins":[1.2167827892002427,1.2635859919788142,1.3103891947573854,1.3571923975359568,1.4039956003145282,1.4507988030930994,1.4976020058716708,1.5444052086502422,1.5912084114288134,1.6380116142073848,1.684814816985956,1.7316180197645274,1.7784212225430989,1.8252244253216703,1.8720276281002415,1.918830830878813,1.965634033657384,2.0124372364359555,2.059240439214527,2.1060436419930983,2.1528468447716698,2.199650047550241,2.246453250328812,2.2932564531073836,2.340059655885955,2.386862858664526,2.4336660614430974,2.480469264221669,2.52727246700024,2.5740756697788116,2.620878872557383,2.6676820753359545,2.714485278114526,2.7612884808930973,2.8080916836716683,2.8548948864502397,2.901698089228811,2.948501292007382,2.9953044947859535,3.042107697564525,3.0889109003430963,3.1357141031216678,3.182517305900239,3.2293205086788106,3.2761237114573816,3.322926914235953,3.3697301170145244,3.416533319793096,3.4633365225716672,3.5101397253502387,3.5569429281288096,3.603746130907381,3.6505493336859525,3.697352536464524,3.7441557392430953,3.7909589420216667,3.8377621448002377,3.884565347578809,3.9313685503573805,3.978171753135952,4.024974955914523,4.071778158693094,4.118581361471666,4.165384564250237,4.212187767028809],"_type":"histogram"},"experiment/baseline_no_ocr/brier":0.4131085201856484,"routing/final/mean_entropy":0.1923007159057306,"experiment/always_ocr/entropy_triggered_hist":{"_type":"histogram","values":[5,9,6,8,16,8,4,6,5,2,4,3,11,5,11,9,10,7,9,21,8,9,10,12,9,7,6,6,7,4,6,4,9,7,2,5,1,4,1,2,2,2,1,2,3,0,1,3,2,0,0,1,2,0,0,1,0,0,0,0,0,0,1,1],