{"routing/final/sequence_confidence":0.9848211420419651,"routing/first_pass/sequence_confidence":0.9848211420419651,"experiment/entropy_routing_default/risk":1,"experiment/entropy_routing_default/ece":0.9832371098649167,"routing/entropy_threshold":0.7,"routing/second_pass/sequence_confidence":0.8695934244809453,"experiment/entropy_routing_default/coverage":0.0182648401826484,"experiment/always_ocr/risk":1,"experiment/entropy_routing_default/entropy_triggered_hist":{"values":[1,0,1,0,0,0,0,0,0,0,0,0,0,0,0,0,0,0,0,0,0,0,0,0,0,0,1,0,0,0,0,0,0,0,0,0,0,0,0,0,0,0,0,0,0,0,0,0,0,0,0,0,0,0,0,0,0,0,0,0,0,0,0,1],"bins":[0.005030806498696251,0.010137509978020594,0.015244213457344936,0.02035091693666928,0.025457620415993622,0.030564323895317963,0.03567102737464231,0.04077773085396665,0.045884434333290994,0.050991137812615335,0.056097841291939676,0.061204544771264024,0.06631124825058837,0.07141795172991271,0.07652465520923706,0.08163135868856139,0.08673806216788574,0.09184476564721009,0.09695146912653442,0.10205817260585877,0.1071648760851831,0.11227157956450745,0.1173782830438318,0.12248498652315613,0.1275916900024805,0.13269839348180482,0.13780509696112916,0.1429118004404535,0.14801850391977786,0.1531252073991022,0.15823191087842653,0.16333861435775088,0.16844531783707523,0.17355202131639957,0.17865872479572392,0.18376542827504824,0.1888721317543726,0.19397883523369694,0.1990855387130213,0.20419224219234564,0.20929894567166996,0.2144056491509943,0.21951235263031865,0.224619056109643,0.22972575958896735,0.2348324630682917,0.23993916654761602,0.24504587002694037,0.25015257350626474,0.25525927698558903,0.2603659804649134,0.26547268394423773,0.2705793874235621,0.2756860909028864,0.2807927943822108,0.2858994978615351,0.29100620134085947,0.2961129048201838,0.30121960829950817,0.30632631177883246,0.3114330152581568,0.31653971873748116,0.3216464222168055,0.32675312569612985,0.3318598291754542],"_type":"histogram"},"experiment/entropy_routing_default/ocr_call_ratio":0.0182648401826484,"routing/legacy_trigger":0,"experiment/entropy_routing_default/cer":0.5318671797883147,"experiment/baseline_no_ocr/avg_latency_s":36.02420091324201,"_runtime":34219,"experiment/baseline_no_ocr/wer":0.6017418431764293,"experiment/entropy_routing_default/entropy_not_triggered_hist":{"_type":"histogram","values":[23,23,29,34,19,13,14,7,12,7,4,3,6,5,2,3,3,2,0,0,1,0,1,0,1,0,0,0,0,0,0,0,0,0,0,0,0,1,0,0,0,0,0,1,0,0,0,0,0,0,0,0,0,0,0,0,0,0,0,0,0,0,0,1],"bins":[0.0006409351755850543,0.006795159058522163,0.012949382941459272,0.019103606824396383,0.025257830707333492,0.0314120545902706,0.03756627847320771,0.043720502356144816,0.04987472623908193,0.05602895012201904,0.06218317400495615,0.06833739788789325,0.07449162177083037,0.08064584565376748,0.08680006953670458,0.09295429341964169,0.0991085173025788,0.10526274118551592,0.11141696506845303,0.11757118895139013,0.12372541283432724,0.12987963671726435,0.13603386060020145,0.14218808448313858,0.14834230836607568,0.15449653224901277,0.1606507561319499,0.166804980014887,0.1729592038978241,0.17911342778076123,0.18526765166369832,0.19142187554663545,0.19757609942957255,0.20373032331250965,0.20988454719544677,0.21603877107838387,0.222192994961321,0.2283472188442581,0.2345014427271952,0.24065566661013232,0.24680989049306942,0.2529641143760065,0.25911833825894365,0.2652725621418808,0.27142678602481785,0.27758100990775497,0.2837352337906921,0.28988945767362917,0.2960436815565663,0.3021979054395034,0.3083521293224405,0.3145063532053776,0.32066057708831475,0.3268148009712518,0.33296902485418894,0.33912324873712607,0.34527747262006314,0.35143169650300027,0.3575859203859374,0.3637401442688745,0.3698943681518116,0.3760485920347487,0.38220281591768585,0.3883570398006229,0.39451126368356004]},"experiment/baseline_no_ocr/cer":0.5316026125666564,"routing/dynamic_trigger":0,"experiment/always_ocr/latency_vs_quality":{"size":10691,"artifact_path":"wandb-client-artifact://3lj081qcc13kzbe92tg5zmkddjcn59pu0p78rgaj8aqtv92yku730zmhlqy8mw6q4tnr99y0oa6zcnhxm537p0e46r64j90msrgo10iefev72qxpvvoyvvpv4hxcywjc/experiment/always_ocr/latency_vs_quality.table.json","sha256":"3558b12e3d0128ea59a06673bdf81bbc7b6be3132a42863201e8b433e611502b","nrows":219,"_type":"table-file","log_mode":"IMMUTABLE","ncols":4,"_latest_artifact_path":"wandb-client-artifact://5rn62uwq6ivklptjz9ybb5scryz29g0exok4bbpk2ugnwsis2rm73n464ky7j5nutclzhx36hr2ytnzlj5dysub63x16olzlzf6o78dsf3gk0h28bu7rmlofrg3cpjiw:latest/experiment/always_ocr/latency_vs_quality.table.json","path":"media/table/experiment/always_ocr/latency_vs_quality_443_3558b12e3d0128ea59a0.table.json"},"experiment/entropy_routing_default/accuracy":0,"experiment/baseline_no_ocr/entropy_not_triggered_hist":{"values":[24,23,30,34,19,13,14,7,12,7,4,3,6,5,2,3,3,2,0,0,1,0,2,0,1,0,0,0,0,0,0,0,0,0,0,0,0,1,0,0,0,0,0,1,0,0,0,0,0,0,0,0,0,1,0,0,0,0,0,0,0,0,0,1],"bins":[0.0006409351755850543,0.006795159058522163,0.012949382941459272,0.019103606824396383,0.025257830707333492,0.0314120545902706,0.03756627847320771,0.043720502356144816,0.04987472623908193,0.05602895012201904,0.06218317400495615,0.06833739788789325,0.07449162177083037,0.08064584565376748,0.08680006953670458,0.09295429341964169,0.0991085173025788,0.10526274118551592,0.11141696506845303,0.11757118895139013,0.12372541283432724,0.12987963671726435,0.13603386060020145,0.14218808448313858,0.14834230836607568,0.15449653224901277,0.1606507561319499,0.166804980014887,0.1729592038978241,0.17911342778076123,0.18526765166369832,0.19142187554663545,0.19757609942957255,0.20373032331250965,0.20988454719544677,0.21603877107838387,0.222192994961321,0.2283472188442581,0.2345014427271952,0.24065566661013232,0.24680989049306942,0.2529641143760065,0.25911833825894365,0.2652725621418808,0.27142678602481785,0.27758100990775497,0.2837352337906921,0.28988945767362917,0.2960436815565663,0.3021979054395034,0.3083521293224405,0.3145063532053776,0.32066057708831475,0.3268148009712518,0.33296902485418894,0.33912324873712607,0.34527747262006314,0.35143169650300027,0.3575859203859374,0.3637401442688745,0.3698943681518116,0.3760485920347487,0.38220281591768585,0.3883570398006229,0.39451126368356004],"_type":"histogram"},"routing/used_ocr":0,"experiment/baseline_no_ocr/accuracy":0,"experiment/entropy_routing_default/wer":0.6020798613226667,"experiment/baseline_no_ocr/brier":0.9668821491611927,"routing/total_latency_ms":43023,"experiment/baseline_no_ocr/risk":1,"experiment/entropy_routing_default/avg_latency_s":36.86932420091324,"experiment/always_ocr/entropy_triggered_hist":{"values":[24,23,30,34,19,13,14,7,12,7,4,3,6,5,2,3,3,2,0,0,1,0,2,0,1,0,0,0,0,0,0,0,0,0,0,0,0,1,0,0,0,0,0,1,0,0,0,0,0,0,0,0,0,1,0,0,0,0,0,0,0,0,0,1],"bins":[0.0006409351755850543,0.006795159058522163,0.012949382941459272,0.019103606824396383,0.025257830707333492,0.0314120545902706,0.03756627847320771,0.043720502356144816,0.04987472623908193,0.05602895012201904,0.06218317400495615,0.06833739788789325,0.07449162177083037,0.08064584565376748,0.08680006953670458,0.09295429341964169,0.0991085173025788,0.10526274118551592,0.11141696506845303,0.11757118895139013,0.12372541283432724,0.12987963671726435,0.13603386060020145,0.14218808448313858,0.14834230836607568,0.15449653224901277,0.1606507561319499,0.166804980014887,0.1729592038978241,0.17911342778076123,0.18526765166369832,0.19142187554663545,0.19757609942957255,0.20373032331250965,0.20988454719544677,0.21603877107838387,0.222192994961321,0.2283472188442581,0.2345014427271952,0.24065566661013232,0.24680989049306942,0.2529641143760065,0.25911833825894365,0.2652725621418808,0.27142678602481785,0.27758100990775497,0.2837352337906921,0.28988945767362917,0.2960436815565663,0.3021979054395034,0.3083521293224405,0.3145063532053776,0.32066057708831475,0.3268148009712518,0.33296902485418894,0.33912324873712607,0.34527747262006314,0.35143169650300027,0.3575859203859374,0.3637401442688745,0.3698943681518116,0.3760485920347487,0.38220281591768585,0.3883570398006229,0.39451126368356004],"_type":"histogram"},