{"experiment/entropy_routing_default/accuracy":0,"routing/first_pass/latency_ms":3606.5881131216884,"routing/second_pass/min_margin":0.2425384521484375,"routing/second_pass/token_count":128,"_runtime":3810,"experiment/baseline_no_ocr/accuracy":0,"experiment/baseline_no_ocr/brier":0.8175934094174815,"routing/margin_threshold":-Infinity,"experiment/baseline_no_ocr/wer":0.6271534156564003,"_step":909,"experiment/baseline_no_ocr/coverage":0,"routing/used_ocr":1,"routing/final/sequence_confidence":0.8463465648009544,"routing/second_pass/mean_entropy":0.5398165080027866,"experiment/entropy_routing_default/entropy_triggered_hist":{"values":[1,4,2,6,3,2,4,1,9,1,5,2,3,2,0,1,0,0,0,0,0,0,0,0,0,0,0,0,0,0,0,0,0,0,0,0,0,0,0,0,0,0,0,0,0,0,0,0,0,0,0,1,0,0,0,0,0,0,0,0,0,0,0,1],"bins":[0.09969801920487953,0.1755046898380499,0.25131136047122027,0.32711803110439064,0.402924701737561,0.4787313723707314,0.5545380430039017,0.6303447136370721,0.7061513842702425,0.7819580549034129,0.8577647255365832,0.9335713961697536,1.009378066802924,1.0851847374360943,1.1609914080692647,1.236798078702435,1.3126047493356054,1.3884114199687758,1.4642180906019462,1.5400247612351166,1.615831431868287,1.6916381025014573,1.7674447731346277,1.843251443767798,1.9190581144009684,1.9948647850341388,2.070671455667309,2.1464781263004795,2.22228479693365,2.2980914675668203,2.3738981381999906,2.449704808833161,2.5255114794663314,2.6013181500995017,2.677124820732672,2.7529314913658425,2.828738161999013,2.904544832632183,2.9803515032653536,3.056158173898524,3.1319648445316943,3.2077715151648647,3.283578185798035,3.3593848564312054,3.435191527064376,3.510998197697546,3.5868048683307165,3.662611538963887,3.7384182095970573,3.8142248802302277,3.890031550863398,3.9658382214965684,4.041644892129739,4.117451562762909,4.1932582333960795,4.26906490402925,4.34487157466242,4.420678245295591,4.496484915928761,4.572291586561931,4.648098257195102,4.723904927828272,4.7997115984614425,4.875518269094613,4.951324939727783],"_type":"histogram"},"experiment/entropy_routing_default/avg_latency_s":3.40706,"experiment/always_ocr/wer":0.6231982241978972,"_wandb":{"runtime":3810},"_timestamp":1.762322358913443e+09,"routing/entropy_threshold":0.7,"experiment/always_ocr/entropy_triggered_hist":{"_type":"histogram","values":[26,61,66,47,32,24,11,7,10,1,4,3,3,1,1,1,0,0,0,0,0,0,0,0,0,0,0,0,0,0,0,0,0,0,0,0,0,0,0,0,0,0,0,0,0,0,0,0,0,0,0,1,0,0,0,0,0,0,0,0,0,0,0,1],"bins":[0.07449444871873583,0.1506949251407522,0.22689540156276855,0.30309587798478493,0.3792963544068013,0.4554968308288177,0.531697307250834,0.6078977836728504,0.6840982600948667,0.7602987365168831,0.8364992129388995,0.9126996893609158,0.9889001657829322,1.0651006422049487,1.141301118626965,1.2175015950489814,1.2937020714709977,1.369902547893014,1.4461030243150303,1.522303500737047,1.5985039771590632,1.6747044535810796,1.7509049300030959,1.8271054064251122,1.9033058828471285,1.979506359269145,2.0557068356911614,2.131907312113178,2.2081077885351945,2.2843082649572106,2.360508741379227,2.4367092178012433,2.51290969422326,2.5891101706452764,2.6653106470672925,2.741511123489309,2.817711599911325,2.8939120763333417,2.9701125527553582,3.0463130291773743,3.122513505599391,3.198713982021407,3.2749144584434235,3.35111493486544,3.427315411287456,3.5035158877094728,3.579716364131489,3.6559168405535054,3.7321173169755215,3.808317793397538,3.8845182698195546,3.9607187462415707,4.036919222663587,4.113119699085603,4.1893201755076195,4.265520651929636,4.341721128351653,4.417921604773668,4.494122081195685,4.570322557617701,4.646523034039718,4.722723510461734,4.79892398688375,4.875124463305767,4.951324939727783]},"experiment/entropy_routing_default/latency_vs_quality":{"_latest_artifact_path":"wandb-client-artifact://kutveigjv7i4xeb5fbpnhaptxf76k8mgb8blprca26e25wrzyu6ygkkvilcu4ba2bs8ioobt8p8unt1njevbr9249vzuxohrb142o94ixr9r0tfhc0p1zv03vl2mwnnj:latest/experiment/entropy_routing_default/latency_vs_quality.table.json","path":"media/table/experiment/entropy_routing_default/latency_vs_quality_909_745778dd7b548f7ac344.table.json","artifact_path":"wandb-client-artifact://3npgna8hd001a0n985qg8wwx91c1b65jgkbzrt43bbam9zpzl9hnbqxxq53pldtka89wkffkor8vkjakz58jnxujdkrn8k85p7nwwzahq1nseujornnu090fcvwzux4p/experiment/entropy_routing_default/latency_vs_quality.table.json","size":14519,"nrows":300,"_type":"table-file","log_mode":"IMMUTABLE","ncols":4,"sha256":"745778dd7b548f7ac3447245c988420a4537f95b7d05015ce5ec49187687ad62"},"routing/legacy_trigger":0,"experiment/always_ocr/ocr_call_ratio":1,"experiment/entropy_routing_default/ocr_call_ratio":0.16,"experiment/baseline_no_ocr/entropy_not_triggered_hist":{"_type":"histogram","values":[26,61,66,47,32,24,11,7,10,1,4,3,3,1,1,1,0,0,0,0,0,0,0,0,0,0,0,0,0,0,0,0,0,0,0,0,0,0,0,0,0,0,0,0,0,0,0,0,0,0,0,1,0,0,0,0,0,0,0,0,0,0,0,1],"bins":[0.07449444871873583,0.1506949251407522,0.22689540156276855,0.30309587798478493,0.3792963544068013,0.4554968308288177,0.531697307250834,0.6078977836728504,0.6840982600948667,0.7602987365168831,0.8364992129388995,0.9126996893609158,0.9889001657829322,1.0651006422049487,1.141301118626965,1.2175015950489814,1.2937020714709977,1.369902547893014,1.4461030243150303,1.522303500737047,1.5985039771590632,1.6747044535810796,1.7509049300030959,1.8271054064251122,1.9033058828471285,1.979506359269145,2.0557068356911614,2.131907312113178,2.2081077885351945,2.2843082649572106,2.360508741379227,2.4367092178012433,2.51290969422326,2.5891101706452764,2.6653106470672925,2.741511123489309,2.817711599911325,2.8939120763333417,2.9701125527553582,3.0463130291773743,3.122513505599391,3.198713982021407,3.2749144584434235,3.35111493486544,3.427315411287456,3.5035158877094728,3.579716364131489,3.6559168405535054,3.7321173169755215,3.808317793397538,3.8845182698195546,3.9607187462415707,4.036919222663587,4.113119699085603,4.1893201755076195,4.265520651929636,4.341721128351653,4.417921604773668,4.494122081195685,4.570322557617701,4.646523034039718,4.722723510461734,4.79892398688375,4.875124463305767,4.951324939727783]},"experiment/baseline_no_ocr/ece":0.9012794028758934,"experiment/entropy_routing_default/wer":0.6160812818087028,"routing/final/mean_entropy":0.5398165080027866,"routing/ocr_text_length":235,"experiment/baseline_no_ocr/avg_latency_s":2.91846,"routing/total_latency_ms":7996,"experiment/always_ocr/accuracy":0.0033333333333333335,"routing/first_pass/mean_entropy":0.6019103345809071,"experiment/entropy_routing_default/ece":0.9122447136478555,"experiment/entropy_routing_default/cer":0.4695966305692434,"experiment/baseline_no_ocr/latency_vs_quality":{"_type":"table-file","artifact_path":"wandb-client-artifact://iyb4285gp80dfwbxr3k2xtq9vct1nqix3h6fxrqn6v6wbk5oqnuhrz0fga9p8tnldgn6tyab20dimk6045gv10orezcp4o7ybnqlax3r4xcagfhrkns1d6wqq6xbvqz0/experiment/baseline_no_ocr/latency_vs_quality.table.json","nrows":300,"ncols":4,"log_mode":"IMMUTABLE","sha256":"79ab48d7cf88a88a258556dc881cd6067f0eb7fa721cfa31751922910652abc6","path":"media/table/experiment/baseline_no_ocr/latency_vs_quality_302_79ab48d7cf88a88a2585.table.json","_latest_artifact_path":"wandb-client-artifact://iltuvsd3xtgc7ujpxtlehjvh3w01o55dewus6fd02nium4ec0lgrwwjvrah9nxca1rw6priypzxd1dfpwgdw4bat66sp1jfb6e0lig6pymt4u17vxc1srk4r042dzbxw:latest/experiment/baseline_no_ocr/latency_vs_quality.table.json","size":14476},"routing/second_pass/latency_ms":3706.1367300339043,"routing/first_pass/token_count":128,"experiment/entropy_routing_default/risk":1,"experiment/entropy_routing_default/coverage":0.16,"routing/second_pass/sequence_confidence":0.8463465648009544,"experiment/always_ocr/ece":0.9226504097909078,"experiment/always_ocr/latency_vs_quality":{"artifact_path":"wandb-client-artifact://pmwboop3slyi60yzz1ln0ep8vuxif5qq747j5gxyxj4dg19hkaab6phoz7sv5apjyvkyhx8srmbta2dsfinrfelu5b0t8vw546clvjwe4vani455agcfh3pyw7ts22ep/experiment/always_ocr/latency_vs_quality.table.json","_type":"table-file","sha256":"032731f8059e1356a5fb0a108fa841ac97e73c6c113d6456705e5b3d9128824e","nrows":300,