{"routing/legacy_trigger":1,"routing/margin_threshold":1,"routing/final/mean_entropy":0.15547138878337885,"routing/second_pass/token_count":74,"experiment/baseline_no_ocr/ece":0.9012794028758934,"experiment/baseline_no_ocr/risk":1,"routing/first_pass/sequence_confidence":0.9610648591290727,"routing/first_pass/token_count":90,"experiment/baseline_no_ocr/entropy_not_triggered_hist":{"values":[26,61,66,47,32,24,11,7,10,1,4,3,3,1,1,1,0,0,0,0,0,0,0,0,0,0,0,0,0,0,0,0,0,0,0,0,0,0,0,0,0,0,0,0,0,0,0,0,0,0,0,1,0,0,0,0,0,0,0,0,0,0,0,1],"bins":[0.07449444871873583,0.1506949251407522,0.22689540156276855,0.30309587798478493,0.3792963544068013,0.4554968308288177,0.531697307250834,0.6078977836728504,0.6840982600948667,0.7602987365168831,0.8364992129388995,0.9126996893609158,0.9889001657829322,1.0651006422049487,1.141301118626965,1.2175015950489814,1.2937020714709977,1.369902547893014,1.4461030243150303,1.522303500737047,1.5985039771590632,1.6747044535810796,1.7509049300030959,1.8271054064251122,1.9033058828471285,1.979506359269145,2.0557068356911614,2.131907312113178,2.2081077885351945,2.2843082649572106,2.360508741379227,2.4367092178012433,2.51290969422326,2.5891101706452764,2.6653106470672925,2.741511123489309,2.817711599911325,2.8939120763333417,2.9701125527553582,3.0463130291773743,3.122513505599391,3.198713982021407,3.2749144584434235,3.35111493486544,3.427315411287456,3.5035158877094728,3.579716364131489,3.6559168405535054,3.7321173169755215,3.808317793397538,3.8845182698195546,3.9607187462415707,4.036919222663587,4.113119699085603,4.1893201755076195,4.265520651929636,4.341721128351653,4.417921604773668,4.494122081195685,4.570322557617701,4.646523034039718,4.722723510461734,4.79892398688375,4.875124463305767,4.951324939727783],"_type":"histogram"},"routing/dynamic_trigger":1,"routing/second_pass/latency_ms":2257.6631042174995,"routing/first_pass/latency_ms":2617.2674759291112,"routing/total_latency_ms":4698,"routing/second_pass/mean_entropy":0.15547138878337885,"experiment/baseline_no_ocr/ocr_call_ratio":0,"routing/triggered":1,"experiment/baseline_no_ocr/wer":0.6271534156564003,"routing/second_pass/sequence_confidence":0.9553888575208901,"routing/second_pass/min_margin":0.17978858947753906,"experiment/baseline_no_ocr/accuracy":0,"experiment/baseline_no_ocr/avg_latency_s":2.91506,"routing/entropy_threshold":3.5,"experiment/baseline_no_ocr/brier":0.8175934094174815,"routing/first_pass/mean_entropy":0.1463250988473713,"experiment/baseline_no_ocr/latency_vs_quality":{"sha256":"39aa8f40ae95386e1917a07b932d809b2608bfcd8e2775a723bf693c03728447","path":"media/table/experiment/baseline_no_ocr/latency_vs_quality_302_39aa8f40ae95386e1917.table.json","nrows":300,"ncols":4,"log_mode":"IMMUTABLE","_latest_artifact_path":"wandb-client-artifact://c1dwltymeb18m43gtnoru4cdgn4yrofj7ycl2cg2rsai8s3bxya9h5i8nmn0umcrf4g5tcw62l48rvukreljhccztnbq4mbdr6qzdddxva949bxvq4nigrahh6lqsqmg:latest/experiment/baseline_no_ocr/latency_vs_quality.table.json","size":14483,"artifact_path":"wandb-client-artifact://igxgkeuiwpdavyxe8ngqlvi2nhiljtpxc81ceywkcxt5uixgk265xnkgavcpyj5xj9yylyp4udmgm1aet54a5kf0oabmjq54svo03dpaxyrd3pqabee75nanuzoan4ao/experiment/baseline_no_ocr/latency_vs_quality.table.json","_type":"table-file"},"routing/ocr_text_length":105,"_timestamp":1.7621554199118555e+09,"_wandb":{"runtime":987},"routing/first_pass/min_margin":0.7563953399658203,"_runtime":987.922547716,"_step":324,"experiment/baseline_no_ocr/coverage":0,"experiment/baseline_no_ocr/cer":0.4962510793962348,"routing/used_ocr":1,"routing/final/sequence_confidence":0.9553888575208901}