{"experiment/always_ocr/risk":1,"experiment/baseline_no_ocr/brier":0.7033214530097547,"routing/used_ocr":0,"experiment/always_ocr/cer":0.8374111485594563,"routing/second_pass/min_margin":0.07265377044677734,"routing/second_pass/latency_ms":1159.7877799067646,"experiment/always_ocr/wer":0.8766944739902424,"experiment/always_ocr/relaxed_accuracy":0.013333333333333334,"experiment/entropy_routing_default/wer":0.8738808311632008,"routing/final/normalized_entropy":-0.3783645576242098,"routing/first_pass/min_margin":1.1771564483642578,"routing/second_pass/sequence_confidence":0.7972657876285618,"experiment/baseline_no_ocr/wer":0.8796796924396322,"routing/first_pass/token_count":20,"experiment/entropy_routing_default/brier":0.7439674962641292,"experiment/entropy_routing_default/coverage":0.2,"routing/second_pass/normalized_entropy":1.6865305312040912,"routing/final/sequence_confidence":0.8918613250314387,"experiment/entropy_routing_default/ece":0.8595865270315868,"experiment/always_ocr/latency_vs_quality":{"_type":"table-file","path":"media/table/experiment/always_ocr/latency_vs_quality_605_9d664eb5511d6b989eb3.table.json","log_mode":"IMMUTABLE","size":14102,"sha256":"9d664eb5511d6b989eb3ab13d100a4f6289345faa324019082f2324614c09eb0","ncols":4,"_latest_artifact_path":"wandb-client-artifact://lzb5knhd46bev3ckvagng450z2vjon5rojl3hntyhotu8chl0a369kp37m6wdzf0xpyjznvswxprll04149w3npl4fk956b1oa8xyv01p77ehrwcwcafxc8ukc51cb44:latest/experiment/always_ocr/latency_vs_quality.table.json","artifact_path":"wandb-client-artifact://jn3vnp4t6h6tzdhc3a1ny00uzth6r91p3bpztopvxsgvvl53p03lspstmtzhmevdm3dw74c3kx4cteibobsnvkakl0ywj0vzr2dsd5foi38l5io3a2eifljxl91ocm9v/experiment/always_ocr/latency_vs_quality.table.json","nrows":300},"experiment/entropy_routing_default/relaxed_accuracy":0.006666666666666667,"experiment/always_ocr/accuracy":0,"experiment/baseline_no_ocr/accuracy":0,"routing/ocr_text_length":0,"experiment/entropy_routing_default/ocr_call_ratio":0.2,"_step":909,"experiment/always_ocr/brier":0.7858381967389382,"experiment/entropy_routing_default/cer":0.8447186518509329,"experiment/always_ocr/entropy_triggered_hist":{"values":[6,12,23,35,39,40,20,23,22,12,13,14,4,3,9,1,5,2,3,1,1,0,0,0,2,1,2,0,0,1,0,0,0,0,0,0,0,0,0,0,0,1,0,0,0,2,0,0,0,1,0,1,0,0,0,0,0,0,0,0,0,0,0,1],"bins":[0.08995806132443249,0.16591691879948484,0.24187577627453719,0.31783463374958953,0.3937934912246419,0.4697523486996943,0.5457112061747466,0.6216700636497989,0.6976289211248513,0.7735877785999037,0.8495466360749561,0.9255054935500083,1.0014643510250607,1.077423208500113,1.1533820659751652,1.2293409234502177,1.30529978092527,1.3812586384003223,1.4572174958753747,1.533176353350427,1.6091352108254795,1.6850940683005318,1.761052925775584,1.8370117832506365,1.9129706407256888,1.988929498200741,2.0648883556757935,2.140847213150846,2.216806070625898,2.2927649281009503,2.368723785576003,2.4446826430510553,2.5206415005261076,2.59660035800116,2.672559215476212,2.748518072951265,2.824476930426317,2.9004357879013694,2.9763946453764216,3.052353502851474,3.1283123603265266,3.204271217801579,3.280230075276631,3.3561889327516834,3.4321477902267357,3.508106647701788,3.5840655051768406,3.660024362651893,3.735983220126945,3.8119420776019974,3.8879009350770497,3.9638597925521024,4.039818650027155,4.115777507502207,4.19173636497726,4.267695222452312,4.343654079927364,4.419612937402417,4.495571794877469,4.571530652352521,4.647489509827574,4.723448367302626,4.799407224777679,4.8753660822527305,4.951324939727783],"_type":"histogram"},"experiment/entropy_routing_default/entropy_triggered_hist":{"_type":"histogram","values":[1,0,0,3,2,4,3,0,7,5,2,2,7,1,3,1,3,3,1,0,0,0,1,1,2,1,0,1,0,0,0,0,0,0,0,0,0,0,0,0,1,0,0,0,2,0,0,0,0,1,1,0,0,0,0,0,0,0,0,0,0,0,0,1],"bins":[0.2729569924995303,0.34605649167497177,0.4191559908504132,0.49225549002585467,0.5653549892012961,0.6384544883767376,0.711553987552179,0.7846534867276205,0.8577529859030619,0.9308524850785034,1.0039519842539448,1.0770514834293863,1.1501509826048277,1.2232504817802692,1.2963499809557106,1.369449480131152,1.4425489793065935,1.515648478482035,1.5887479776574764,1.661847476832918,1.7349469760083593,1.8080464751838008,1.8811459743592422,1.9542454735346837,2.027344972710125,2.1004444718855666,2.173543971061008,2.2466434702364495,2.319742969411891,2.3928424685873324,2.465941967762774,2.5390414669382153,2.6121409661136568,2.685240465289098,2.7583399644645397,2.831439463639981,2.9045389628154226,2.977638461990864,3.0507379611663055,3.123837460341747,3.1969369595171884,3.27003645869263,3.3431359578680713,3.4162354570435127,3.489334956218954,3.5624344553943956,3.635533954569837,3.7086334537452785,3.78173295292072,3.8548324520961614,3.927931951271603,4.001031450447044,4.074130949622486,4.147230448797927,4.220329947973369,4.29342944714881,4.366528946324252,4.439628445499693,4.5127279446751345,4.585827443850576,4.658926943026017,4.732026442201459,4.8051259413769,4.878225440552342,4.951324939727783]},"experiment/baseline_no_ocr/coverage":0,"_runtime":1394,"routing/final/mean_entropy":0.4678277139144484,"routing/triggered":0,"experiment/baseline_no_ocr/avg_latency_s":0.9586600000000001,"experiment/always_ocr/anls":0.007449244979990427,"routing/first_pass/sequence_confidence":0.8918613250314387,"experiment/baseline_no_ocr/anls":0.0033888888888888888,"experiment/baseline_no_ocr/ocr_call_ratio":0,"experiment/baseline_no_ocr/relaxed_accuracy":0.006666666666666667,"routing/first_pass/mean_entropy":0.4678277139144484,"_wandb":{"runtime":1394},"experiment/baseline_no_ocr/cer":0.8492901749056455,"experiment/entropy_routing_default/risk":1,"experiment/entropy_routing_default/entropy_not_triggered_hist":{"_type":"histogram","values":[3,0,2,2,2,4,1,5,4,5,7,8,5,10,9,10,12,11,9,12,11,8,10,4,9,2,5,3,5,7,5,6,3,3,6,4,5,1,1,3,2,0,5,4,1,0,0,2,0,0,0,0,0,0,0,1,2,0,0,0,0,0,0,1],"bins":[0.08995806132443249,0.10959671085201989,0.1292353603796073,0.1488740099071947,0.1685126594347821,0.1881513089623695,0.2077899584899569,0.22742860801754433,0.24706725754513173,0.26670590707271913,0.28634455660030655,0.305983206127894,0.32562185565548135,0.3452605051830687,0.36489915471065615,0.3845378042382436,0.404176453765831,0.4238151032934184,0.44345375282100574,0.46309240234859317,0.4827310518761806,0.502369701403768,0.5220083509313554,0.5416470004589428,0.5612856499865302,0.5809242995141176,0.600562949041705,0.6202015985692925,0.6398402480968799,0.6594788976244673,0.6791175471520546,0.6987561966796421,0.7183948462072295,0.7380334957348169,0.7576721452624043,0.7773107947899917,0.7969494443175791,0.8165880938451665,0.8362267433727539,0.8558653929003414,0.8755040424279287,0.8951426919555161,0.9147813414831035,0.934419991010691,0.9540586405382784,0.9736972900658658,0.9933359395934531,1.0129745891210404,1.032613238648628,1.0522518881762153,1.0718905377038028,1.0915291872313901,1.1111678367589775,1.130806486286565,1.1504451358141523,1.1700837853417396,1.1897224348693272,1.2093610843969145,1.228999733924502,1.2486383834520893,1.2682770329796766,1.2879156825072642,1.3075543320348515,1.327192981562439,1.3468316310900263]},"routing/dynamic_trigger":0,"routing/first_pass/latency_ms":1015.2043958660215,"routing/legacy_trigger":0,"routing/entropy_threshold":0.7,"experiment/entropy_routing_default/accuracy":0,"experiment/entropy_routing_default/avg_latency_s":1.2498166666666666,"experiment/always_ocr/avg_latency_s":2.4227166666666666,"routing/first_pass/normalized_entropy":-0.3783645576242098,"experiment/always_ocr/coverage":1,"routing/second_pass/mean_entropy":0.8465857656672597,"_timestamp":1.7640796679726574e+09,"experiment/entropy_routing_default/latency_vs_quality":{"path":"media/table/experiment/entropy_routing_default/latency_vs_quality_909_78667d306cb8fcadb428.table.json","_latest_artifact_path":"wandb-client-artifact://lr45as2ba9s2l4112cf1jxydj67l3qzisgbz4o431qxxklmy4ycdbpgss8c7p10fvwaz4hgj77qmwcy57n6w2gjfd17dt9buttp83as4bzyshv2p8p954e8avtgpy762:latest/experiment/entropy_routing_default/latency_vs_quality.table.json",